目录名,设备,开始时间（北京时间）,结束时间（北京时间）,持续(秒),消息数,路径
rtg_655_gantry_collision_2026_09_11_02_03_58_348293523,655,2026-09-11T02:03:56.359+08:00,2026-09-11T02:04:04.115+08:00,7.8,494,/mnt/win_share/Data_Storage/研发/HIT/大车防撞/655_2026_09_11/rtg_655_gantry_collision_2026_09_11_02_03_58_348293523
rtg_655_gantry_collision_2026_09_11_02_45_24_284644914,655,2026-09-11T02:45:22.302+08:00,2026-09-11T02:45:29.594+08:00,7.3,459,/mnt/win_share/Data_Storage/研发/HIT/大车防撞/655_2026_09_11/rtg_655_gantry_collision_2026_09_11_02_45_24_284644914
rtg_655_gantry_collision_2026_09_11_03_33_15_258123264,655,2026-09-11T03:33:13.275+08:00,2026-09-11T03:33:20.914+08:00,7.6,493,/mnt/win_share/Data_Storage/研发/HIT/大车防撞/655_2026_09_11/rtg_655_gantry_collision_2026_09_11_03_33_15_258123264
rtg_655_gantry_collision_2026_09_11_03_34_45_462238969,655,2026-09-11T03:34:43.475+08:00,2026-09-11T03:34:51.156+08:00,7.7,494,/mnt/win_share/Data_Storage/研发/HIT/大车防撞/655_2026_09_11/rtg_655_gantry_collision_2026_09_11_03_34_45_462238969
rtg_655_gantry_collision_2026_09_11_03_35_03_562230378,655,2026-09-11T03:35:01.596+08:00,2026-09-11T03:35:09.395+08:00,7.8,496,/mnt/win_share/Data_Storage/研发/HIT/大车防撞/655_2026_09_11/rtg_655_gantry_collision_2026_09_11_03_35_03_562230378
rtg_655_gantry_collision_2026_09_11_03_35_53_754344671,655,2026-09-11T03:35:51.756+08:00,2026-09-11T03:35:59.434+08:00,7.7,481,/mnt/win_share/Data_Storage/研发/HIT/大车防撞/655_2026_09_11/rtg_655_gantry_collision_2026_09_11_03_35_53_754344671
rtg_655_gantry_collision_2026_09_11_03_37_13_962950256,655,2026-09-11T03:37:11.996+08:00,2026-09-11T03:37:19.233+08:00,7.2,463,/mnt/win_share/Data_Storage/研发/HIT/大车防撞/655_2026_09_11/rtg_655_gantry_collision_2026_09_11_03_37_13_962950256
rtg_655_gantry_collision_2026_09_11_03_37_39_044718870,655,2026-09-11T03:37:37.074+08:00,2026-09-11T03:37:44.516+08:00,7.4,486,/mnt/win_share/Data_Storage/研发/HIT/大车防撞/655_2026_09_11/rtg_655_gantry_collision_2026_09_11_03_37_39_044718870
rtg_655_gantry_collision_2026_09_11_03_38_37_414847043,655,2026-09-11T03:38:35.437+08:00,2026-09-11T03:38:43.195+08:00,7.8,494,/mnt/win_share/Data_Storage/研发/HIT/大车防撞/655_2026_09_11/rtg_655_gantry_collision_2026_09_11_03_38_37_414847043
rtg_655_gantry_collision_2026_09_11_03_41_09_848927966,655,2026-09-11T03:41:07.875+08:00,2026-09-11T03:41:15.438+08:00,7.6,479,/mnt/win_share/Data_Storage/研发/HIT/大车防撞/655_2026_09_11/rtg_655_gantry_collision_2026_09_11_03_41_09_848927966
rtg_655_gantry_collision_2026_09_11_03_41_25_013002966,655,2026-09-11T03:41:23.013+08:00,2026-09-11T03:41:30.914+08:00,7.9,520,/mnt/win_share/Data_Storage/研发/HIT/大车防撞/655_2026_09_11/rtg_655_gantry_collision_2026_09_11_03_41_25_013002966
rtg_655_gantry_collision_2026_09_11_03_41_48_843382248,655,2026-09-11T03:41:46.876+08:00,2026-09-11T03:41:54.405+08:00,7.5,487,/mnt/win_share/Data_Storage/研发/HIT/大车防撞/655_2026_09_11/rtg_655_gantry_collision_2026_09_11_03_41_48_843382248
rtg_655_gantry_collision_2026_09_11_03_42_59_993935102,655,2026-09-11T03:42:57.994+08:00,2026-09-11T03:43:05.476+08:00,7.5,473,/mnt/win_share/Data_Storage/研发/HIT/大车防撞/655_2026_09_11/rtg_655_gantry_collision_2026_09_11_03_42_59_993935102
rtg_655_gantry_collision_2026_09_11_03_43_33_900112190,655,2026-09-11T03:43:31.906+08:00,2026-09-11T03:43:39.637+08:00,7.7,508,/mnt/win_share/Data_Storage/研发/HIT/大车防撞/655_2026_09_11/rtg_655_gantry_collision_2026_09_11_03_43_33_900112190
rtg_655_gantry_collision_2026_09_11_04_56_45_831204056,655,2026-09-11T04:56:43.836+08:00,2026-09-11T04:57:14.554+08:00,30.7,2397,/mnt/win_share/Data_Storage/研发/HIT/大车防撞/655_2026_09_11/rtg_655_gantry_collision_2026_09_11_04_56_45_831204056
rtg_655_gantry_collision_2026_09_11_05_25_52_619649162,655,2026-09-11T05:25:50.636+08:00,2026-09-11T05:25:58.715+08:00,8.1,525,/mnt/win_share/Data_Storage/研发/HIT/大车防撞/655_2026_09_11/rtg_655_gantry_collision_2026_09_11_05_25_52_619649162
rtg_655_gantry_collision_2026_09_11_05_44_53_638983565,655,2026-09-11T05:44:51.675+08:00,2026-09-11T05:45:01.114+08:00,9.4,639,/mnt/win_share/Data_Storage/研发/HIT/大车防撞/655_2026_09_11/rtg_655_gantry_collision_2026_09_11_05_44_53_638983565
rtg_655_gantry_collision_2026_09_11_06_31_34_911936971,655,2026-09-11T06:31:32.915+08:00,2026-09-11T06:31:40.754+08:00,7.8,501,/mnt/win_share/Data_Storage/研发/HIT/大车防撞/655_2026_09_11/rtg_655_gantry_collision_2026_09_11_06_31_34_911936971
rtg_655_gantry_collision_2026_09_11_06_33_33_367651450,655,2026-09-11T06:33:31.395+08:00,2026-09-11T06:33:58.355+08:00,27.0,2075,/mnt/win_share/Data_Storage/研发/HIT/大车防撞/655_2026_09_11/rtg_655_gantry_collision_2026_09_11_06_33_33_367651450
rtg_655_gantry_collision_2026_09_11_06_34_27_013554265,655,2026-09-11T06:34:25.035+08:00,2026-09-11T06:34:35.318+08:00,10.3,688,/mnt/win_share/Data_Storage/研发/HIT/大车防撞/655_2026_09_11/rtg_655_gantry_collision_2026_09_11_06_34_27_013554265
rtg_655_gantry_collision_2026_09_11_07_11_45_208660521,655,2026-09-11T07:11:43.233+08:00,2026-09-11T07:11:51.237+08:00,8.0,534,/mnt/win_share/Data_Storage/研发/HIT/大车防撞/655_2026_09_11/rtg_655_gantry_collision_2026_09_11_07_11_45_208660521
rtg_655_gantry_collision_2026_09_11_07_23_52_962230113,655,2026-09-11T07:23:50.995+08:00,2026-09-11T07:23:58.806+08:00,7.8,504,/mnt/win_share/Data_Storage/研发/HIT/大车防撞/655_2026_09_11/rtg_655_gantry_collision_2026_09_11_07_23_52_962230113
rtg_655_gantry_collision_2026_09_11_07_25_23_474525230,655,2026-09-11T07:25:21.475+08:00,2026-09-11T07:25:29.505+08:00,8.0,531,/mnt/win_share/Data_Storage/研发/HIT/大车防撞/655_2026_09_11/rtg_655_gantry_collision_2026_09_11_07_25_23_474525230
rtg_655_gantry_collision_2026_09_11_07_44_15_426758094,655,2026-09-11T07:44:13.434+08:00,2026-09-11T07:44:29.275+08:00,15.8,1232,/mnt/win_share/Data_Storage/研发/HIT/大车防撞/655_2026_09_11/rtg_655_gantry_collision_2026_09_11_07_44_15_426758094
rtg_655_gantry_collision_2026_09_11_07_46_57_653392607,655,2026-09-11T07:46:55.676+08:00,2026-09-11T07:47:03.915+08:00,8.2,551,/mnt/win_share/Data_Storage/研发/HIT/大车防撞/655_2026_09_11/rtg_655_gantry_collision_2026_09_11_07_46_57_653392607
rtg_655_gantry_collision_2026_09_11_07_49_52_861335553,655,2026-09-11T07:49:50.877+08:00,2026-09-11T07:50:03.637+08:00,12.8,990,/mnt/win_share/Data_Storage/研发/HIT/大车防撞/655_2026_09_11/rtg_655_gantry_collision_2026_09_11_07_49_52_861335553
rtg_655_gantry_collision_2026_09_11_07_54_14_979768008,655,2026-09-11T07:54:12.996+08:00,2026-09-11T07:54:30.635+08:00,17.6,1312,/mnt/win_share/Data_Storage/研发/HIT/大车防撞/655_2026_09_11/rtg_655_gantry_collision_2026_09_11_07_54_14_979768008
rtg_655_gantry_collision_2026_09_11_07_59_53_590169422,655,2026-09-11T07:59:51.594+08:00,2026-09-11T07:59:59.617+08:00,8.0,619,/mnt/win_share/Data_Storage/研发/HIT/大车防撞/655_2026_09_11/rtg_655_gantry_collision_2026_09_11_07_59_53_590169422
rtg_655_gantry_collision_2026_09_11_08_00_47_114871586,655,2026-09-11T08:00:45.115+08:00,2026-09-11T08:00:53.715+08:00,8.6,580,/mnt/win_share/Data_Storage/研发/HIT/大车防撞/655_2026_09_11/rtg_655_gantry_collision_2026_09_11_08_00_47_114871586
rtg_655_gantry_collision_2026_09_11_08_18_22_381231367,655,2026-09-11T08:18:20.394+08:00,2026-09-11T08:20:22.357+08:00,122.0,8743,/mnt/win_share/Data_Storage/研发/HIT/大车防撞/655_2026_09_11/rtg_655_gantry_collision_2026_09_11_08_18_22_381231367
rtg_655_gantry_collision_2026_09_11_08_20_22_506076143,655,2026-09-11T08:20:20.515+08:00,2026-09-11T08:20:38.515+08:00,18.0,1267,/mnt/win_share/Data_Storage/研发/HIT/大车防撞/655_2026_09_11/rtg_655_gantry_collision_2026_09_11_08_20_22_506076143
rtg_655_gantry_collision_2026_09_11_08_30_39_747353464,655,2026-09-11T08:30:37.755+08:00,2026-09-11T08:30:45.801+08:00,8.0,538,/mnt/win_share/Data_Storage/研发/HIT/大车防撞/655_2026_09_11/rtg_655_gantry_collision_2026_09_11_08_30_39_747353464
rtg_655_gantry_collision_2026_09_11_08_37_38_251966802,655,2026-09-11T08:37:36.276+08:00,2026-09-11T08:37:45.394+08:00,9.1,619,/mnt/win_share/Data_Storage/研发/HIT/大车防撞/655_2026_09_11/rtg_655_gantry_collision_2026_09_11_08_37_38_251966802
rtg_655_gantry_collision_2026_09_11_08_45_25_823864751,655,2026-09-11T08:45:23.835+08:00,2026-09-11T08:45:31.813+08:00,8.0,530,/mnt/win_share/Data_Storage/研发/HIT/大车防撞/655_2026_09_11/rtg_655_gantry_collision_2026_09_11_08_45_25_823864751
rtg_655_gantry_collision_2026_09_11_08_53_14_257608219,655,2026-09-11T08:53:12.274+08:00,2026-09-11T08:53:20.305+08:00,8.0,528,/mnt/win_share/Data_Storage/研发/HIT/大车防撞/655_2026_09_11/rtg_655_gantry_collision_2026_09_11_08_53_14_257608219
rtg_655_gantry_collision_2026_09_11_08_58_25_934898789,655,2026-09-11T08:58:23.956+08:00,2026-09-11T08:58:33.040+08:00,9.1,662,/mnt/win_share/Data_Storage/研发/HIT/大车防撞/655_2026_09_11/rtg_655_gantry_collision_2026_09_11_08_58_25_934898789
rtg_655_gantry_collision_2026_09_11_08_58_29_951277554,655,2026-09-11T08:58:27.954+08:00,2026-09-11T08:58:36.759+08:00,8.8,602,/mnt/win_share/Data_Storage/研发/HIT/大车防撞/655_2026_09_11/rtg_655_gantry_collision_2026_09_11_08_58_29_951277554
rtg_655_gantry_collision_2026_09_11_09_00_50_325595222,655,2026-09-11T09:00:48.356+08:00,2026-09-11T09:00:56.209+08:00,7.9,503,/mnt/win_share/Data_Storage/研发/HIT/大车防撞/655_2026_09_11/rtg_655_gantry_collision_2026_09_11_09_00_50_325595222
rtg_655_gantry_collision_2026_09_11_09_10_46_469997923,655,2026-09-11T09:10:44.477+08:00,2026-09-11T09:10:52.554+08:00,8.1,517,/mnt/win_share/Data_Storage/研发/HIT/大车防撞/655_2026_09_11/rtg_655_gantry_collision_2026_09_11_09_10_46_469997923
rtg_655_gantry_collision_2026_09_11_09_12_23_326112737,655,2026-09-11T09:12:21.354+08:00,2026-09-11T09:12:29.275+08:00,7.9,517,/mnt/win_share/Data_Storage/研发/HIT/大车防撞/655_2026_09_11/rtg_655_gantry_collision_2026_09_11_09_12_23_326112737
rtg_655_gantry_collision_2026_09_11_09_16_10_812616462,655,2026-09-11T09:16:08.835+08:00,2026-09-11T09:16:17.435+08:00,8.6,573,/mnt/win_share/Data_Storage/研发/HIT/大车防撞/655_2026_09_11/rtg_655_gantry_collision_2026_09_11_09_16_10_812616462
rtg_655_gantry_collision_2026_09_11_09_43_30_027934938,655,2026-09-11T09:43:28.034+08:00,2026-09-11T09:43:35.994+08:00,8.0,528,/mnt/win_share/Data_Storage/研发/HIT/大车防撞/655_2026_09_11/rtg_655_gantry_collision_2026_09_11_09_43_30_027934938
rtg_655_gantry_collision_2026_09_11_09_44_18_368129948,655,2026-09-11T09:44:16.396+08:00,2026-09-11T09:44:24.036+08:00,7.6,506,/mnt/win_share/Data_Storage/研发/HIT/大车防撞/655_2026_09_11/rtg_655_gantry_collision_2026_09_11_09_44_18_368129948
rtg_655_gantry_collision_2026_09_11_09_44_30_315785984,655,2026-09-11T09:44:28.316+08:00,2026-09-11T09:44:36.235+08:00,7.9,510,/mnt/win_share/Data_Storage/研发/HIT/大车防撞/655_2026_09_11/rtg_655_gantry_collision_2026_09_11_09_44_30_315785984
rtg_655_gantry_collision_2026_09_11_09_50_46_249490172,655,2026-09-11T09:50:44.275+08:00,2026-09-11T09:50:52.006+08:00,7.7,500,/mnt/win_share/Data_Storage/研发/HIT/大车防撞/655_2026_09_11/rtg_655_gantry_collision_2026_09_11_09_50_46_249490172
rtg_655_gantry_collision_2026_09_11_09_51_26_276329651,655,2026-09-11T09:51:24.301+08:00,2026-09-11T09:51:33.405+08:00,9.1,641,/mnt/win_share/Data_Storage/研发/HIT/大车防撞/655_2026_09_11/rtg_655_gantry_collision_2026_09_11_09_51_26_276329651
rtg_655_gantry_collision_2026_09_11_09_51_29_007829466,655,2026-09-11T09:51:27.015+08:00,2026-09-11T09:51:35.515+08:00,8.5,586,/mnt/win_share/Data_Storage/研发/HIT/大车防撞/655_2026_09_11/rtg_655_gantry_collision_2026_09_11_09_51_29_007829466
rtg_655_gantry_collision_2026_09_11_13_09_36_976029029,655,2026-09-11T13:09:36.915+08:00,2026-09-11T13:11:12.795+08:00,95.9,6995,/mnt/win_share/Data_Storage/研发/HIT/大车防撞/655_2026_09_11/rtg_655_gantry_collision_2026_09_11_13_09_36_976029029
rtg_655_gantry_collision_2026_09_11_13_10_13_080098998,655,2026-09-11T13:10:11.090+08:00,2026-09-11T13:10:20.004+08:00,8.9,727,/mnt/win_share/Data_Storage/研发/HIT/大车防撞/655_2026_09_11/rtg_655_gantry_collision_2026_09_11_13_10_13_080098998
rtg_655_gantry_collision_2026_09_11_13_13_19_874265575,655,2026-09-11T13:13:17.880+08:00,2026-09-11T13:13:26.404+08:00,8.5,572,/mnt/win_share/Data_Storage/研发/HIT/大车防撞/655_2026_09_11/rtg_655_gantry_collision_2026_09_11_13_13_19_874265575
rtg_655_gantry_collision_2026_09_11_13_13_21_984454578,655,2026-09-11T13:13:19.994+08:00,2026-09-11T13:13:36.441+08:00,16.4,1101,/mnt/win_share/Data_Storage/研发/HIT/大车防撞/655_2026_09_11/rtg_655_gantry_collision_2026_09_11_13_13_21_984454578
rtg_655_gantry_collision_2026_09_11_13_18_23_947270297,655,2026-09-11T13:18:21.956+08:00,2026-09-11T13:18:30.006+08:00,8.0,516,/mnt/win_share/Data_Storage/研发/HIT/大车防撞/655_2026_09_11/rtg_655_gantry_collision_2026_09_11_13_18_23_947270297
rtg_655_gantry_collision_2026_09_11_13_18_38_054774608,655,2026-09-11T13:18:36.075+08:00,2026-09-11T13:18:43.957+08:00,7.9,506,/mnt/win_share/Data_Storage/研发/HIT/大车防撞/655_2026_09_11/rtg_655_gantry_collision_2026_09_11_13_18_38_054774608
rtg_655_gantry_collision_2026_09_11_13_18_57_801757699,655,2026-09-11T13:18:55.806+08:00,2026-09-11T13:19:04.555+08:00,8.7,569,/mnt/win_share/Data_Storage/研发/HIT/大车防撞/655_2026_09_11/rtg_655_gantry_collision_2026_09_11_13_18_57_801757699
rtg_655_gantry_collision_2026_09_11_13_19_06_982684408,655,2026-09-11T13:19:04.995+08:00,2026-09-11T13:20:05.009+08:00,60.0,4273,/mnt/win_share/Data_Storage/研发/HIT/大车防撞/655_2026_09_11/rtg_655_gantry_collision_2026_09_11_13_19_06_982684408
rtg_655_gantry_collision_2026_09_11_13_20_49_889765029,655,2026-09-11T13:20:47.905+08:00,2026-09-11T13:20:55.918+08:00,8.0,534,/mnt/win_share/Data_Storage/研发/HIT/大车防撞/655_2026_09_11/rtg_655_gantry_collision_2026_09_11_13_20_49_889765029
rtg_655_gantry_collision_2026_09_11_13_22_12_646043569,655,2026-09-11T13:22:10.676+08:00,2026-09-11T13:22:18.715+08:00,8.0,527,/mnt/win_share/Data_Storage/研发/HIT/大车防撞/655_2026_09_11/rtg_655_gantry_collision_2026_09_11_13_22_12_646043569
rtg_655_gantry_collision_2026_09_11_13_30_13_048191828,655,2026-09-11T13:30:11.076+08:00,2026-09-11T13:30:24.006+08:00,12.9,849,/mnt/win_share/Data_Storage/研发/HIT/大车防撞/655_2026_09_11/rtg_655_gantry_collision_2026_09_11_13_30_13_048191828
rtg_655_gantry_collision_2026_09_11_13_44_33_086433345,655,2026-09-11T13:44:31.101+08:00,2026-09-11T13:44:39.194+08:00,8.1,562,/mnt/win_share/Data_Storage/研发/HIT/大车防撞/655_2026_09_11/rtg_655_gantry_collision_2026_09_11_13_44_33_086433345
rtg_655_gantry_collision_2026_09_11_13_44_33_858431467,655,2026-09-11T13:44:31.877+08:00,2026-09-11T13:44:39.755+08:00,7.9,549,/mnt/win_share/Data_Storage/研发/HIT/大车防撞/655_2026_09_11/rtg_655_gantry_collision_2026_09_11_13_44_33_858431467
rtg_655_gantry_collision_2026_09_11_13_48_17_000737314,655,2026-09-11T13:48:15.001+08:00,2026-09-11T13:48:22.435+08:00,7.4,480,/mnt/win_share/Data_Storage/研发/HIT/大车防撞/655_2026_09_11/rtg_655_gantry_collision_2026_09_11_13_48_17_000737314
rtg_655_gantry_collision_2026_09_11_13_50_45_994808968,655,2026-09-11T13:50:44.000+08:00,2026-09-11T13:50:51.360+08:00,7.4,470,/mnt/win_share/Data_Storage/研发/HIT/大车防撞/655_2026_09_11/rtg_655_gantry_collision_2026_09_11_13_50_45_994808968
rtg_655_gantry_collision_2026_09_11_14_01_40_568110681,655,2026-09-11T14:01:38.595+08:00,2026-09-11T14:01:53.875+08:00,15.3,1027,/mnt/win_share/Data_Storage/研发/HIT/大车防撞/655_2026_09_11/rtg_655_gantry_collision_2026_09_11_14_01_40_568110681
rtg_655_gantry_collision_2026_09_11_14_02_16_171419351,655,2026-09-11T14:02:14.202+08:00,2026-09-11T14:02:22.036+08:00,7.8,512,/mnt/win_share/Data_Storage/研发/HIT/大车防撞/655_2026_09_11/rtg_655_gantry_collision_2026_09_11_14_02_16_171419351
rtg_655_gantry_collision_2026_09_11_14_14_24_435501384,655,2026-09-11T14:14:22.437+08:00,2026-09-11T14:14:30.316+08:00,7.9,514,/mnt/win_share/Data_Storage/研发/HIT/大车防撞/655_2026_09_11/rtg_655_gantry_collision_2026_09_11_14_14_24_435501384
rtg_655_gantry_collision_2026_09_11_14_33_50_569748922,655,2026-09-11T14:33:48.597+08:00,2026-09-11T14:33:58.155+08:00,9.6,633,/mnt/win_share/Data_Storage/研发/HIT/大车防撞/655_2026_09_11/rtg_655_gantry_collision_2026_09_11_14_33_50_569748922
rtg_655_gantry_collision_2026_09_11_14_34_01_024089139,655,2026-09-11T14:33:59.035+08:00,2026-09-11T14:34:14.915+08:00,15.9,1140,/mnt/win_share/Data_Storage/研发/HIT/大车防撞/655_2026_09_11/rtg_655_gantry_collision_2026_09_11_14_34_01_024089139
rtg_655_gantry_collision_2026_09_11_14_34_15_276385644,655,2026-09-11T14:34:13.301+08:00,2026-09-11T14:35:16.709+08:00,63.4,5216,/mnt/win_share/Data_Storage/研发/HIT/大车防撞/655_2026_09_11/rtg_655_gantry_collision_2026_09_11_14_34_15_276385644
rtg_655_gantry_collision_2026_09_11_14_35_34_147637164,655,2026-09-11T14:35:32.155+08:00,2026-09-11T14:35:43.239+08:00,11.1,802,/mnt/win_share/Data_Storage/研发/HIT/大车防撞/655_2026_09_11/rtg_655_gantry_collision_2026_09_11_14_35_34_147637164
rtg_655_gantry_collision_2026_09_11_14_35_48_303773404,655,2026-09-11T14:35:46.303+08:00,2026-09-11T14:35:56.634+08:00,10.3,729,/mnt/win_share/Data_Storage/研发/HIT/大车防撞/655_2026_09_11/rtg_655_gantry_collision_2026_09_11_14_35_48_303773404
rtg_655_gantry_collision_2026_09_11_14_36_09_824723103,655,2026-09-11T14:36:07.837+08:00,2026-09-11T14:36:48.315+08:00,40.5,3168,/mnt/win_share/Data_Storage/研发/HIT/大车防撞/655_2026_09_11/rtg_655_gantry_collision_2026_09_11_14_36_09_824723103
rtg_655_gantry_collision_2026_09_11_14_36_48_348582999,655,2026-09-11T14:36:46.398+08:00,2026-09-11T14:37:01.355+08:00,15.0,1050,/mnt/win_share/Data_Storage/研发/HIT/大车防撞/655_2026_09_11/rtg_655_gantry_collision_2026_09_11_14_36_48_348582999
rtg_655_gantry_collision_2026_09_11_14_37_35_595626085,655,2026-09-11T14:37:33.603+08:00,2026-09-11T14:37:49.154+08:00,15.6,1167,/mnt/win_share/Data_Storage/研发/HIT/大车防撞/655_2026_09_11/rtg_655_gantry_collision_2026_09_11_14_37_35_595626085
rtg_655_gantry_collision_2026_09_11_14_38_05_442654317,655,2026-09-11T14:38:03.474+08:00,2026-09-11T14:38:17.557+08:00,14.1,1010,/mnt/win_share/Data_Storage/研发/HIT/大车防撞/655_2026_09_11/rtg_655_gantry_collision_2026_09_11_14_38_05_442654317
rtg_655_gantry_collision_2026_09_11_14_38_21_070050125,655,2026-09-11T14:38:19.078+08:00,2026-09-11T14:38:27.957+08:00,8.9,702,/mnt/win_share/Data_Storage/研发/HIT/大车防撞/655_2026_09_11/rtg_655_gantry_collision_2026_09_11_14_38_21_070050125
rtg_655_gantry_collision_2026_09_11_14_38_39_496015902,655,2026-09-11T14:38:37.503+08:00,2026-09-11T14:39:01.908+08:00,24.4,2015,/mnt/win_share/Data_Storage/研发/HIT/大车防撞/655_2026_09_11/rtg_655_gantry_collision_2026_09_11_14_38_39_496015902
rtg_655_gantry_collision_2026_09_11_14_39_50_147376308,655,2026-09-11T14:39:48.155+08:00,2026-09-11T14:40:02.915+08:00,14.8,1092,/mnt/win_share/Data_Storage/研发/HIT/大车防撞/655_2026_09_11/rtg_655_gantry_collision_2026_09_11_14_39_50_147376308
rtg_655_gantry_collision_2026_09_11_14_40_08_651487625,655,2026-09-11T14:40:06.675+08:00,2026-09-11T14:40:36.594+08:00,29.9,2375,/mnt/win_share/Data_Storage/研发/HIT/大车防撞/655_2026_09_11/rtg_655_gantry_collision_2026_09_11_14_40_08_651487625
rtg_655_gantry_collision_2026_09_11_14_40_48_285960023,655,2026-09-11T14:40:46.302+08:00,2026-09-11T14:41:06.354+08:00,20.1,1498,/mnt/win_share/Data_Storage/研发/HIT/大车防撞/655_2026_09_11/rtg_655_gantry_collision_2026_09_11_14_40_48_285960023
rtg_655_gantry_collision_2026_09_11_14_41_20_486209095,655,2026-09-11T14:41:18.502+08:00,2026-09-11T14:41:35.114+08:00,16.6,1201,/mnt/win_share/Data_Storage/研发/HIT/大车防撞/655_2026_09_11/rtg_655_gantry_collision_2026_09_11_14_41_20_486209095
rtg_655_gantry_collision_2026_09_11_14_41_42_899979888,655,2026-09-11T14:41:40.906+08:00,2026-09-11T14:41:51.105+08:00,10.2,696,/mnt/win_share/Data_Storage/研发/HIT/大车防撞/655_2026_09_11/rtg_655_gantry_collision_2026_09_11_14_41_42_899979888
rtg_655_gantry_collision_2026_09_11_14_42_33_863679168,655,2026-09-11T14:42:31.875+08:00,2026-09-11T14:42:50.004+08:00,18.1,1419,/mnt/win_share/Data_Storage/研发/HIT/大车防撞/655_2026_09_11/rtg_655_gantry_collision_2026_09_11_14_42_33_863679168
rtg_655_gantry_collision_2026_09_11_14_42_57_342949574,655,2026-09-11T14:42:55.355+08:00,2026-09-11T14:43:03.404+08:00,8.0,557,/mnt/win_share/Data_Storage/研发/HIT/大车防撞/655_2026_09_11/rtg_655_gantry_collision_2026_09_11_14_42_57_342949574
rtg_655_gantry_collision_2026_09_11_14_43_06_319421961,655,2026-09-11T14:43:04.356+08:00,2026-09-11T14:43:23.235+08:00,18.9,1382,/mnt/win_share/Data_Storage/研发/HIT/大车防撞/655_2026_09_11/rtg_655_gantry_collision_2026_09_11_14_43_06_319421961
rtg_655_gantry_collision_2026_09_11_14_43_51_223658861,655,2026-09-11T14:43:49.235+08:00,2026-09-11T14:44:33.557+08:00,44.3,3561,/mnt/win_share/Data_Storage/研发/HIT/大车防撞/655_2026_09_11/rtg_655_gantry_collision_2026_09_11_14_43_51_223658861
rtg_655_gantry_collision_2026_09_11_14_44_35_398033343,655,2026-09-11T14:44:33.401+08:00,2026-09-11T14:44:42.875+08:00,9.5,715,/mnt/win_share/Data_Storage/研发/HIT/大车防撞/655_2026_09_11/rtg_655_gantry_collision_2026_09_11_14_44_35_398033343
rtg_655_gantry_collision_2026_09_11_14_44_43_432325251,655,2026-09-11T14:44:41.436+08:00,2026-09-11T14:44:53.206+08:00,11.8,856,/mnt/win_share/Data_Storage/研发/HIT/大车防撞/655_2026_09_11/rtg_655_gantry_collision_2026_09_11_14_44_43_432325251
rtg_655_gantry_collision_2026_09_11_14_45_01_572232443,655,2026-09-11T14:44:59.594+08:00,2026-09-11T14:45:14.203+08:00,14.6,1039,/mnt/win_share/Data_Storage/研发/HIT/大车防撞/655_2026_09_11/rtg_655_gantry_collision_2026_09_11_14_45_01_572232443
rtg_655_gantry_collision_2026_09_11_14_45_17_694682711,655,2026-09-11T14:45:15.701+08:00,2026-09-11T14:45:49.074+08:00,33.4,2623,/mnt/win_share/Data_Storage/研发/HIT/大车防撞/655_2026_09_11/rtg_655_gantry_collision_2026_09_11_14_45_17_694682711
rtg_655_gantry_collision_2026_09_11_14_45_53_542636448,655,2026-09-11T14:45:51.554+08:00,2026-09-11T14:46:02.915+08:00,11.4,861,/mnt/win_share/Data_Storage/研发/HIT/大车防撞/655_2026_09_11/rtg_655_gantry_collision_2026_09_11_14_45_53_542636448
rtg_655_gantry_collision_2026_09_11_14_46_05_865722580,655,2026-09-11T14:46:03.872+08:00,2026-09-11T14:46:32.277+08:00,28.4,2104,/mnt/win_share/Data_Storage/研发/HIT/大车防撞/655_2026_09_11/rtg_655_gantry_collision_2026_09_11_14_46_05_865722580
rtg_655_gantry_collision_2026_09_11_14_46_35_349490628,655,2026-09-11T14:46:33.355+08:00,2026-09-11T14:46:48.556+08:00,15.2,1121,/mnt/win_share/Data_Storage/研发/HIT/大车防撞/655_2026_09_11/rtg_655_gantry_collision_2026_09_11_14_46_35_349490628
rtg_655_gantry_collision_2026_09_11_14_46_54_321700991,655,2026-09-11T14:46:52.355+08:00,2026-09-11T14:47:16.834+08:00,24.5,1711,/mnt/win_share/Data_Storage/研发/HIT/大车防撞/655_2026_09_11/rtg_655_gantry_collision_2026_09_11_14_46_54_321700991
rtg_655_gantry_collision_2026_09_11_14_47_34_849250989,655,2026-09-11T14:47:32.876+08:00,2026-09-11T14:47:59.475+08:00,26.6,2117,/mnt/win_share/Data_Storage/研发/HIT/大车防撞/655_2026_09_11/rtg_655_gantry_collision_2026_09_11_14_47_34_849250989
rtg_655_gantry_collision_2026_09_11_14_47_57_948204532,655,2026-09-11T14:47:55.956+08:00,2026-09-11T14:48:03.554+08:00,7.6,495,/mnt/win_share/Data_Storage/研发/HIT/大车防撞/655_2026_09_11/rtg_655_gantry_collision_2026_09_11_14_47_57_948204532
rtg_655_gantry_collision_2026_09_11_14_48_09_851551547,655,2026-09-11T14:48:07.879+08:00,2026-09-11T14:48:22.838+08:00,15.0,1059,/mnt/win_share/Data_Storage/研发/HIT/大车防撞/655_2026_09_11/rtg_655_gantry_collision_2026_09_11_14_48_09_851551547
rtg_655_gantry_collision_2026_09_11_14_48_55_586504582,655,2026-09-11T14:48:53.602+08:00,2026-09-11T14:49:09.879+08:00,16.3,1332,/mnt/win_share/Data_Storage/研发/HIT/大车防撞/655_2026_09_11/rtg_655_gantry_collision_2026_09_11_14_48_55_586504582
rtg_655_gantry_collision_2026_09_11_14_49_05_443995526,655,2026-09-11T14:49:03.477+08:00,2026-09-11T14:49:10.955+08:00,7.5,622,/mnt/win_share/Data_Storage/研发/HIT/大车防撞/655_2026_09_11/rtg_655_gantry_collision_2026_09_11_14_49_05_443995526
rtg_655_gantry_collision_2026_09_11_14_49_24_104572763,655,2026-09-11T14:49:22.106+08:00,2026-09-11T14:49:48.108+08:00,26.0,1927,/mnt/win_share/Data_Storage/研发/HIT/大车防撞/655_2026_09_11/rtg_655_gantry_collision_2026_09_11_14_49_24_104572763
rtg_655_gantry_collision_2026_09_11_14_50_34_377333826,655,2026-09-11T14:50:32.394+08:00,2026-09-11T14:52:34.354+08:00,122.0,10260,/mnt/win_share/Data_Storage/研发/HIT/大车防撞/655_2026_09_11/rtg_655_gantry_collision_2026_09_11_14_50_34_377333826
rtg_655_gantry_collision_2026_09_11_14_52_34_383119511,655,2026-09-11T14:52:32.438+08:00,2026-09-11T14:54:11.194+08:00,98.8,8379,/mnt/win_share/Data_Storage/研发/HIT/大车防撞/655_2026_09_11/rtg_655_gantry_collision_2026_09_11_14_52_34_383119511
rtg_655_gantry_collision_2026_09_11_14_54_21_749868706,655,2026-09-11T14:54:19.754+08:00,2026-09-11T14:55:46.515+08:00,86.8,7130,/mnt/win_share/Data_Storage/研发/HIT/大车防撞/655_2026_09_11/rtg_655_gantry_collision_2026_09_11_14_54_21_749868706
rtg_655_gantry_collision_2026_09_11_14_55_59_622000909,655,2026-09-11T14:55:57.639+08:00,2026-09-11T14:56:28.915+08:00,31.3,2259,/mnt/win_share/Data_Storage/研发/HIT/大车防撞/655_2026_09_11/rtg_655_gantry_collision_2026_09_11_14_55_59_622000909
rtg_655_gantry_collision_2026_09_11_14_56_39_427678741,655,2026-09-11T14:56:37.437+08:00,2026-09-11T14:56:49.675+08:00,12.2,862,/mnt/win_share/Data_Storage/研发/HIT/大车防撞/655_2026_09_11/rtg_655_gantry_collision_2026_09_11_14_56_39_427678741
rtg_655_gantry_collision_2026_09_11_14_57_17_339864497,655,2026-09-11T14:57:15.357+08:00,2026-09-11T14:57:48.806+08:00,33.4,2535,/mnt/win_share/Data_Storage/研发/HIT/大车防撞/655_2026_09_11/rtg_655_gantry_collision_2026_09_11_14_57_17_339864497
rtg_655_gantry_collision_2026_09_11_14_58_49_527984337,655,2026-09-11T14:58:47.555+08:00,2026-09-11T14:59:06.434+08:00,18.9,1507,/mnt/win_share/Data_Storage/研发/HIT/大车防撞/655_2026_09_11/rtg_655_gantry_collision_2026_09_11_14_58_49_527984337
rtg_655_gantry_collision_2026_09_11_14_59_08_242644148,655,2026-09-11T14:59:06.251+08:00,2026-09-11T14:59:22.317+08:00,16.1,1379,/mnt/win_share/Data_Storage/研发/HIT/大车防撞/655_2026_09_11/rtg_655_gantry_collision_2026_09_11_14_59_08_242644148
rtg_655_gantry_collision_2026_09_11_14_59_22_804982175,655,2026-09-11T14:59:20.805+08:00,2026-09-11T15:00:07.355+08:00,46.6,4032,/mnt/win_share/Data_Storage/研发/HIT/大车防撞/655_2026_09_11/rtg_655_gantry_collision_2026_09_11_14_59_22_804982175
rtg_655_gantry_collision_2026_09_11_15_00_21_836008552,655,2026-09-11T15:00:19.836+08:00,2026-09-11T15:00:40.955+08:00,21.1,1644,/mnt/win_share/Data_Storage/研发/HIT/大车防撞/655_2026_09_11/rtg_655_gantry_collision_2026_09_11_15_00_21_836008552
rtg_655_gantry_collision_2026_09_11_15_00_45_329915101,655,2026-09-11T15:00:43.354+08:00,2026-09-11T15:01:08.806+08:00,25.5,2125,/mnt/win_share/Data_Storage/研发/HIT/大车防撞/655_2026_09_11/rtg_655_gantry_collision_2026_09_11_15_00_45_329915101
rtg_655_gantry_collision_2026_09_11_15_01_16_535572877,655,2026-09-11T15:01:14.554+08:00,2026-09-11T15:01:31.114+08:00,16.6,1202,/mnt/win_share/Data_Storage/研发/HIT/大车防撞/655_2026_09_11/rtg_655_gantry_collision_2026_09_11_15_01_16_535572877
rtg_655_gantry_collision_2026_09_11_15_01_51_547781136,655,2026-09-11T15:01:49.554+08:00,2026-09-11T15:02:31.639+08:00,42.1,3357,/mnt/win_share/Data_Storage/研发/HIT/大车防撞/655_2026_09_11/rtg_655_gantry_collision_2026_09_11_15_01_51_547781136
rtg_655_gantry_collision_2026_09_11_15_03_38_225907826,655,2026-09-11T15:03:36.235+08:00,2026-09-11T15:03:51.205+08:00,15.0,1233,/mnt/win_share/Data_Storage/研发/HIT/大车防撞/655_2026_09_11/rtg_655_gantry_collision_2026_09_11_15_03_38_225907826
rtg_655_gantry_collision_2026_09_11_15_03_43_874212756,655,2026-09-11T15:03:41.877+08:00,2026-09-11T15:03:57.036+08:00,15.2,1180,/mnt/win_share/Data_Storage/研发/HIT/大车防撞/655_2026_09_11/rtg_655_gantry_collision_2026_09_11_15_03_43_874212756
rtg_655_gantry_collision_2026_09_11_15_04_07_794861739,655,2026-09-11T15:04:05.795+08:00,2026-09-11T15:04:13.635+08:00,7.8,626,/mnt/win_share/Data_Storage/研发/HIT/大车防撞/655_2026_09_11/rtg_655_gantry_collision_2026_09_11_15_04_07_794861739
rtg_655_gantry_collision_2026_09_11_15_04_24_641955746,655,2026-09-11T15:04:22.679+08:00,2026-09-11T15:04:34.314+08:00,11.6,998,/mnt/win_share/Data_Storage/研发/HIT/大车防撞/655_2026_09_11/rtg_655_gantry_collision_2026_09_11_15_04_24_641955746
rtg_655_gantry_collision_2026_09_11_15_04_46_284131541,655,2026-09-11T15:04:44.300+08:00,2026-09-11T15:05:23.475+08:00,39.2,3054,/mnt/win_share/Data_Storage/研发/HIT/大车防撞/655_2026_09_11/rtg_655_gantry_collision_2026_09_11_15_04_46_284131541
rtg_655_gantry_collision_2026_09_11_15_05_29_605418535,655,2026-09-11T15:05:27.634+08:00,2026-09-11T15:05:38.556+08:00,10.9,919,/mnt/win_share/Data_Storage/研发/HIT/大车防撞/655_2026_09_11/rtg_655_gantry_collision_2026_09_11_15_05_29_605418535
rtg_655_gantry_collision_2026_09_11_15_05_42_846679715,655,2026-09-11T15:05:40.875+08:00,2026-09-11T15:06:00.565+08:00,19.7,1611,/mnt/win_share/Data_Storage/研发/HIT/大车防撞/655_2026_09_11/rtg_655_gantry_collision_2026_09_11_15_05_42_846679715
rtg_655_gantry_collision_2026_09_11_15_06_04_037450425,655,2026-09-11T15:06:02.038+08:00,2026-09-11T15:06:25.716+08:00,23.7,1986,/mnt/win_share/Data_Storage/研发/HIT/大车防撞/655_2026_09_11/rtg_655_gantry_collision_2026_09_11_15_06_04_037450425
rtg_655_gantry_collision_2026_09_11_15_06_39_606756506,655,2026-09-11T15:06:37.635+08:00,2026-09-11T15:06:57.637+08:00,20.0,1729,/mnt/win_share/Data_Storage/研发/HIT/大车防撞/655_2026_09_11/rtg_655_gantry_collision_2026_09_11_15_06_39_606756506
rtg_655_gantry_collision_2026_09_11_15_07_12_192483595,655,2026-09-11T15:07:10.195+08:00,2026-09-11T15:07:25.907+08:00,15.7,1161,/mnt/win_share/Data_Storage/研发/HIT/大车防撞/655_2026_09_11/rtg_655_gantry_collision_2026_09_11_15_07_12_192483595
rtg_655_gantry_collision_2026_09_11_15_08_11_779176643,655,2026-09-11T15:08:09.795+08:00,2026-09-11T15:08:26.001+08:00,16.2,1329,/mnt/win_share/Data_Storage/研发/HIT/大车防撞/655_2026_09_11/rtg_655_gantry_collision_2026_09_11_15_08_11_779176643
rtg_655_gantry_collision_2026_09_11_15_08_26_661761095,655,2026-09-11T15:08:24.675+08:00,2026-09-11T15:08:39.437+08:00,14.8,1185,/mnt/win_share/Data_Storage/研发/HIT/大车防撞/655_2026_09_11/rtg_655_gantry_collision_2026_09_11_15_08_26_661761095
rtg_655_gantry_collision_2026_09_11_15_08_53_302966863,655,2026-09-11T15:08:51.307+08:00,2026-09-11T15:09:19.155+08:00,27.8,2234,/mnt/win_share/Data_Storage/研发/HIT/大车防撞/655_2026_09_11/rtg_655_gantry_collision_2026_09_11_15_08_53_302966863
rtg_655_gantry_collision_2026_09_11_15_14_18_409130023,655,2026-09-11T15:14:16.415+08:00,2026-09-11T15:14:24.636+08:00,8.2,533,/mnt/win_share/Data_Storage/研发/HIT/大车防撞/655_2026_09_11/rtg_655_gantry_collision_2026_09_11_15_14_18_409130023
rtg_655_gantry_collision_2026_09_11_15_19_41_428029116,655,2026-09-11T15:19:39.438+08:00,2026-09-11T15:19:47.275+08:00,7.8,523,/mnt/win_share/Data_Storage/研发/HIT/大车防撞/655_2026_09_11/rtg_655_gantry_collision_2026_09_11_15_19_41_428029116
rtg_655_gantry_collision_2026_09_11_15_22_02_297531234,655,2026-09-11T15:22:00.301+08:00,2026-09-11T15:22:12.554+08:00,12.3,817,/mnt/win_share/Data_Storage/研发/HIT/大车防撞/655_2026_09_11/rtg_655_gantry_collision_2026_09_11_15_22_02_297531234
rtg_655_gantry_collision_2026_09_11_15_29_12_362627948,655,2026-09-11T15:29:10.394+08:00,2026-09-11T15:29:22.354+08:00,12.0,891,/mnt/win_share/Data_Storage/研发/HIT/大车防撞/655_2026_09_11/rtg_655_gantry_collision_2026_09_11_15_29_12_362627948
rtg_655_gantry_collision_2026_09_11_15_29_28_215100830,655,2026-09-11T15:29:26.238+08:00,2026-09-11T15:30:08.875+08:00,42.6,3567,/mnt/win_share/Data_Storage/研发/HIT/大车防撞/655_2026_09_11/rtg_655_gantry_collision_2026_09_11_15_29_28_215100830
rtg_655_gantry_collision_2026_09_11_15_30_17_511165480,655,2026-09-11T15:30:15.511+08:00,2026-09-11T15:30:48.669+08:00,33.2,2762,/mnt/win_share/Data_Storage/研发/HIT/大车防撞/655_2026_09_11/rtg_655_gantry_collision_2026_09_11_15_30_17_511165480
rtg_655_gantry_collision_2026_09_11_15_31_10_510283144,655,2026-09-11T15:31:08.514+08:00,2026-09-11T15:31:28.116+08:00,19.6,1465,/mnt/win_share/Data_Storage/研发/HIT/大车防撞/655_2026_09_11/rtg_655_gantry_collision_2026_09_11_15_31_10_510283144
rtg_655_gantry_collision_2026_09_11_15_31_30_848877191,655,2026-09-11T15:31:28.875+08:00,2026-09-11T15:31:41.116+08:00,12.2,835,/mnt/win_share/Data_Storage/研发/HIT/大车防撞/655_2026_09_11/rtg_655_gantry_collision_2026_09_11_15_31_30_848877191
rtg_655_gantry_collision_2026_09_11_15_31_41_976445552,655,2026-09-11T15:31:39.994+08:00,2026-09-11T15:32:10.319+08:00,30.3,2393,/mnt/win_share/Data_Storage/研发/HIT/大车防撞/655_2026_09_11/rtg_655_gantry_collision_2026_09_11_15_31_41_976445552
rtg_655_gantry_collision_2026_09_11_15_32_12_291375972,655,2026-09-11T15:32:10.301+08:00,2026-09-11T15:32:21.960+08:00,11.7,965,/mnt/win_share/Data_Storage/研发/HIT/大车防撞/655_2026_09_11/rtg_655_gantry_collision_2026_09_11_15_32_12_291375972
rtg_655_gantry_collision_2026_09_11_15_32_25_742364425,655,2026-09-11T15:32:23.758+08:00,2026-09-11T15:32:55.994+08:00,32.2,2687,/mnt/win_share/Data_Storage/研发/HIT/大车防撞/655_2026_09_11/rtg_655_gantry_collision_2026_09_11_15_32_25_742364425
rtg_655_gantry_collision_2026_09_11_15_32_57_211687435,655,2026-09-11T15:32:55.214+08:00,2026-09-11T15:33:10.314+08:00,15.1,1300,/mnt/win_share/Data_Storage/研发/HIT/大车防撞/655_2026_09_11/rtg_655_gantry_collision_2026_09_11_15_32_57_211687435
rtg_655_gantry_collision_2026_09_11_15_33_13_523288199,655,2026-09-11T15:33:11.555+08:00,2026-09-11T15:33:31.917+08:00,20.4,1472,/mnt/win_share/Data_Storage/研发/HIT/大车防撞/655_2026_09_11/rtg_655_gantry_collision_2026_09_11_15_33_13_523288199
rtg_655_gantry_collision_2026_09_11_15_33_37_975650704,655,2026-09-11T15:33:35.995+08:00,2026-09-11T15:34:00.194+08:00,24.2,1789,/mnt/win_share/Data_Storage/研发/HIT/大车防撞/655_2026_09_11/rtg_655_gantry_collision_2026_09_11_15_33_37_975650704
rtg_655_gantry_collision_2026_09_11_15_34_29_845756219,655,2026-09-11T15:34:27.875+08:00,2026-09-11T15:35:05.034+08:00,37.2,2996,/mnt/win_share/Data_Storage/研发/HIT/大车防撞/655_2026_09_11/rtg_655_gantry_collision_2026_09_11_15_34_29_845756219
rtg_655_gantry_collision_2026_09_11_15_35_33_891176824,655,2026-09-11T15:35:31.900+08:00,2026-09-11T15:35:46.914+08:00,15.0,1182,/mnt/win_share/Data_Storage/研发/HIT/大车防撞/655_2026_09_11/rtg_655_gantry_collision_2026_09_11_15_35_33_891176824
rtg_655_gantry_collision_2026_09_11_15_36_10_277639430,655,2026-09-11T15:36:08.301+08:00,2026-09-11T15:36:19.034+08:00,10.7,791,/mnt/win_share/Data_Storage/研发/HIT/大车防撞/655_2026_09_11/rtg_655_gantry_collision_2026_09_11_15_36_10_277639430
rtg_655_gantry_collision_2026_09_11_15_36_27_284659156,655,2026-09-11T15:36:25.301+08:00,2026-09-11T15:36:47.316+08:00,22.0,1664,/mnt/win_share/Data_Storage/研发/HIT/大车防撞/655_2026_09_11/rtg_655_gantry_collision_2026_09_11_15_36_27_284659156
rtg_655_gantry_collision_2026_09_11_15_37_09_272454292,655,2026-09-11T15:37:07.273+08:00,2026-09-11T15:37:43.555+08:00,36.3,2964,/mnt/win_share/Data_Storage/研发/HIT/大车防撞/655_2026_09_11/rtg_655_gantry_collision_2026_09_11_15_37_09_272454292
rtg_655_gantry_collision_2026_09_11_15_37_49_813756079,655,2026-09-11T15:37:47.835+08:00,2026-09-11T15:38:54.914+08:00,67.1,5872,/mnt/win_share/Data_Storage/研发/HIT/大车防撞/655_2026_09_11/rtg_655_gantry_collision_2026_09_11_15_37_49_813756079
rtg_655_gantry_collision_2026_09_11_15_50_37_933478512,655,2026-09-11T15:50:35.956+08:00,2026-09-11T15:50:48.034+08:00,12.1,792,/mnt/win_share/Data_Storage/研发/HIT/大车防撞/655_2026_09_11/rtg_655_gantry_collision_2026_09_11_15_50_37_933478512
rtg_655_gantry_collision_2026_09_11_15_51_18_150734276,655,2026-09-11T15:51:16.164+08:00,2026-09-11T15:51:23.436+08:00,7.3,467,/mnt/win_share/Data_Storage/研发/HIT/大车防撞/655_2026_09_11/rtg_655_gantry_collision_2026_09_11_15_51_18_150734276
rtg_655_gantry_collision_2026_09_11_15_51_25_826893961,655,2026-09-11T15:51:23.835+08:00,2026-09-11T15:51:31.007+08:00,7.2,452,/mnt/win_share/Data_Storage/研发/HIT/大车防撞/655_2026_09_11/rtg_655_gantry_collision_2026_09_11_15_51_25_826893961
rtg_655_gantry_collision_2026_09_11_15_52_57_249961808,655,2026-09-11T15:52:55.274+08:00,2026-09-11T15:53:02.235+08:00,7.0,440,/mnt/win_share/Data_Storage/研发/HIT/大车防撞/655_2026_09_11/rtg_655_gantry_collision_2026_09_11_15_52_57_249961808
rtg_655_gantry_collision_2026_09_11_16_00_27_396318913,655,2026-09-11T16:00:25.401+08:00,2026-09-11T16:00:33.476+08:00,8.1,528,/mnt/win_share/Data_Storage/研发/HIT/大车防撞/655_2026_09_11/rtg_655_gantry_collision_2026_09_11_16_00_27_396318913
rtg_655_gantry_collision_2026_09_11_16_20_09_061923023,655,2026-09-11T16:20:07.075+08:00,2026-09-11T16:20:15.359+08:00,8.3,541,/mnt/win_share/Data_Storage/研发/HIT/大车防撞/655_2026_09_11/rtg_655_gantry_collision_2026_09_11_16_20_09_061923023
rtg_655_gantry_collision_2026_09_11_16_24_19_508640018,655,2026-09-11T16:24:17.510+08:00,2026-09-11T16:24:28.600+08:00,11.1,785,/mnt/win_share/Data_Storage/研发/HIT/大车防撞/655_2026_09_11/rtg_655_gantry_collision_2026_09_11_16_24_19_508640018
rtg_655_gantry_collision_2026_09_11_16_39_33_580246598,655,2026-09-11T16:39:31.597+08:00,2026-09-11T16:39:38.806+08:00,7.2,469,/mnt/win_share/Data_Storage/研发/HIT/大车防撞/655_2026_09_11/rtg_655_gantry_collision_2026_09_11_16_39_33_580246598
rtg_655_gantry_collision_2026_09_11_18_02_05_878025474,655,2026-09-11T18:02:03.900+08:00,2026-09-11T18:02:15.314+08:00,11.4,764,/mnt/win_share/Data_Storage/研发/HIT/大车防撞/655_2026_09_11/rtg_655_gantry_collision_2026_09_11_18_02_05_878025474
rtg_655_gantry_collision_2026_09_11_18_08_41_468030058,655,2026-09-11T18:08:39.475+08:00,2026-09-11T18:08:46.914+08:00,7.4,478,/mnt/win_share/Data_Storage/研发/HIT/大车防撞/655_2026_09_11/rtg_655_gantry_collision_2026_09_11_18_08_41_468030058
rtg_655_gantry_collision_2026_09_11_18_09_24_088638771,655,2026-09-11T18:09:22.101+08:00,2026-09-11T18:09:29.301+08:00,7.2,456,/mnt/win_share/Data_Storage/研发/HIT/大车防撞/655_2026_09_11/rtg_655_gantry_collision_2026_09_11_18_09_24_088638771
rtg_655_gantry_collision_2026_09_11_18_11_28_620627810,655,2026-09-11T18:11:26.637+08:00,2026-09-11T18:11:35.034+08:00,8.4,571,/mnt/win_share/Data_Storage/研发/HIT/大车防撞/655_2026_09_11/rtg_655_gantry_collision_2026_09_11_18_11_28_620627810
rtg_655_gantry_collision_2026_09_11_18_54_12_213323041,655,2026-09-11T18:54:10.214+08:00,2026-09-11T18:54:21.404+08:00,11.2,800,/mnt/win_share/Data_Storage/研发/HIT/大车防撞/655_2026_09_11/rtg_655_gantry_collision_2026_09_11_18_54_12_213323041
rtg_655_gantry_collision_2026_09_11_19_06_02_944909060,655,2026-09-11T19:06:00.962+08:00,2026-09-11T19:06:08.875+08:00,7.9,513,/mnt/win_share/Data_Storage/研发/HIT/大车防撞/655_2026_09_11/rtg_655_gantry_collision_2026_09_11_19_06_02_944909060
rtg_655_gantry_collision_2026_09_11_19_55_32_021038347,655,2026-09-11T19:55:30.036+08:00,2026-09-11T19:55:44.435+08:00,14.4,1084,/mnt/win_share/Data_Storage/研发/HIT/大车防撞/655_2026_09_11/rtg_655_gantry_collision_2026_09_11_19_55_32_021038347
rtg_655_gantry_collision_2026_09_11_19_55_52_342513550,655,2026-09-11T19:55:50.359+08:00,2026-09-11T19:56:04.882+08:00,14.5,949,/mnt/win_share/Data_Storage/研发/HIT/大车防撞/655_2026_09_11/rtg_655_gantry_collision_2026_09_11_19_55_52_342513550
rtg_655_gantry_collision_2026_09_11_19_56_16_756794122,655,2026-09-11T19:56:14.795+08:00,2026-09-11T19:56:22.035+08:00,7.2,468,/mnt/win_share/Data_Storage/研发/HIT/大车防撞/655_2026_09_11/rtg_655_gantry_collision_2026_09_11_19_56_16_756794122
rtg_655_gantry_collision_2026_09_11_20_03_26_676587737,655,2026-09-11T20:03:24.678+08:00,2026-09-11T20:03:51.914+08:00,27.2,2003,/mnt/win_share/Data_Storage/研发/HIT/大车防撞/655_2026_09_11/rtg_655_gantry_collision_2026_09_11_20_03_26_676587737
rtg_655_gantry_collision_2026_09_11_20_11_28_401174987,655,2026-09-11T20:11:26.409+08:00,2026-09-11T20:11:35.761+08:00,9.4,635,/mnt/win_share/Data_Storage/研发/HIT/大车防撞/655_2026_09_11/rtg_655_gantry_collision_2026_09_11_20_11_28_401174987
rtg_655_gantry_collision_2026_09_11_20_21_15_897236519,655,2026-09-11T20:21:13.902+08:00,2026-09-11T20:21:25.036+08:00,11.1,725,/mnt/win_share/Data_Storage/研发/HIT/大车防撞/655_2026_09_11/rtg_655_gantry_collision_2026_09_11_20_21_15_897236519
rtg_655_gantry_collision_2026_09_11_20_21_43_677652286,655,2026-09-11T20:21:41.678+08:00,2026-09-11T20:21:53.919+08:00,12.2,869,/mnt/win_share/Data_Storage/研发/HIT/大车防撞/655_2026_09_11/rtg_655_gantry_collision_2026_09_11_20_21_43_677652286
rtg_655_gantry_collision_2026_09_11_20_27_50_792386782,655,2026-09-11T20:27:48.795+08:00,2026-09-11T20:27:56.954+08:00,8.2,532,/mnt/win_share/Data_Storage/研发/HIT/大车防撞/655_2026_09_11/rtg_655_gantry_collision_2026_09_11_20_27_50_792386782
rtg_655_gantry_collision_2026_09_11_20_29_06_144850212,655,2026-09-11T20:29:04.153+08:00,2026-09-11T20:29:13.074+08:00,8.9,639,/mnt/win_share/Data_Storage/研发/HIT/大车防撞/655_2026_09_11/rtg_655_gantry_collision_2026_09_11_20_29_06_144850212
rtg_655_gantry_collision_2026_09_11_20_29_08_610366831,655,2026-09-11T20:29:06.611+08:00,2026-09-11T20:29:15.114+08:00,8.5,602,/mnt/win_share/Data_Storage/研发/HIT/大车防撞/655_2026_09_11/rtg_655_gantry_collision_2026_09_11_20_29_08_610366831
rtg_655_gantry_collision_2026_09_11_20_35_20_243101537,655,2026-09-11T20:35:18.280+08:00,2026-09-11T20:35:30.075+08:00,11.8,994,/mnt/win_share/Data_Storage/研发/HIT/大车防撞/655_2026_09_11/rtg_655_gantry_collision_2026_09_11_20_35_20_243101537
rtg_655_gantry_collision_2026_09_11_20_39_04_920235116,655,2026-09-11T20:39:02.959+08:00,2026-09-11T20:39:10.407+08:00,7.4,485,/mnt/win_share/Data_Storage/研发/HIT/大车防撞/655_2026_09_11/rtg_655_gantry_collision_2026_09_11_20_39_04_920235116
rtg_655_gantry_collision_2026_09_11_20_55_13_963762701,655,2026-09-11T20:55:11.970+08:00,2026-09-11T20:55:22.674+08:00,10.7,788,/mnt/win_share/Data_Storage/研发/HIT/大车防撞/655_2026_09_11/rtg_655_gantry_collision_2026_09_11_20_55_13_963762701
rtg_655_gantry_collision_2026_09_11_20_55_22_241307736,655,2026-09-11T20:55:20.277+08:00,2026-09-11T20:55:35.637+08:00,15.4,1139,/mnt/win_share/Data_Storage/研发/HIT/大车防撞/655_2026_09_11/rtg_655_gantry_collision_2026_09_11_20_55_22_241307736
rtg_655_gantry_collision_2026_09_11_20_56_42_644488910,655,2026-09-11T20:56:40.675+08:00,2026-09-11T20:56:58.036+08:00,17.4,1301,/mnt/win_share/Data_Storage/研发/HIT/大车防撞/655_2026_09_11/rtg_655_gantry_collision_2026_09_11_20_56_42_644488910
rtg_655_gantry_collision_2026_09_11_21_14_42_602582583,655,2026-09-11T21:14:40.605+08:00,2026-09-11T21:14:52.354+08:00,11.7,905,/mnt/win_share/Data_Storage/研发/HIT/大车防撞/655_2026_09_11/rtg_655_gantry_collision_2026_09_11_21_14_42_602582583
rtg_655_gantry_collision_2026_09_11_21_21_29_540370868,655,2026-09-11T21:21:27.555+08:00,2026-09-11T21:21:40.035+08:00,12.5,814,/mnt/win_share/Data_Storage/研发/HIT/大车防撞/655_2026_09_11/rtg_655_gantry_collision_2026_09_11_21_21_29_540370868
rtg_655_gantry_collision_2026_09_11_21_22_04_266359769,655,2026-09-11T21:22:02.279+08:00,2026-09-11T21:22:10.000+08:00,7.7,487,/mnt/win_share/Data_Storage/研发/HIT/大车防撞/655_2026_09_11/rtg_655_gantry_collision_2026_09_11_21_22_04_266359769
rtg_655_gantry_collision_2026_09_11_21_23_40_802149662,655,2026-09-11T21:23:38.802+08:00,2026-09-11T21:23:53.703+08:00,14.9,1053,/mnt/win_share/Data_Storage/研发/HIT/大车防撞/655_2026_09_11/rtg_655_gantry_collision_2026_09_11_21_23_40_802149662
rtg_655_gantry_collision_2026_09_11_21_24_32_360826938,655,2026-09-11T21:24:30.397+08:00,2026-09-11T21:24:44.316+08:00,13.9,969,/mnt/win_share/Data_Storage/研发/HIT/大车防撞/655_2026_09_11/rtg_655_gantry_collision_2026_09_11_21_24_32_360826938
rtg_655_gantry_collision_2026_09_11_21_24_45_620367732,655,2026-09-11T21:24:43.636+08:00,2026-09-11T21:25:24.676+08:00,41.0,3139,/mnt/win_share/Data_Storage/研发/HIT/大车防撞/655_2026_09_11/rtg_655_gantry_collision_2026_09_11_21_24_45_620367732
rtg_655_gantry_collision_2026_09_11_21_26_06_799936806,655,2026-09-11T21:26:04.802+08:00,2026-09-11T21:26:32.758+08:00,28.0,2313,/mnt/win_share/Data_Storage/研发/HIT/大车防撞/655_2026_09_11/rtg_655_gantry_collision_2026_09_11_21_26_06_799936806
rtg_655_gantry_collision_2026_09_11_21_26_44_953993108,655,2026-09-11T21:26:42.955+08:00,2026-09-11T21:27:01.075+08:00,18.1,1536,/mnt/win_share/Data_Storage/研发/HIT/大车防撞/655_2026_09_11/rtg_655_gantry_collision_2026_09_11_21_26_44_953993108
rtg_655_gantry_collision_2026_09_11_21_27_27_897690626,655,2026-09-11T21:27:25.905+08:00,2026-09-11T21:27:44.914+08:00,19.0,1452,/mnt/win_share/Data_Storage/研发/HIT/大车防撞/655_2026_09_11/rtg_655_gantry_collision_2026_09_11_21_27_27_897690626
rtg_655_gantry_collision_2026_09_11_21_28_01_389439567,655,2026-09-11T21:27:59.395+08:00,2026-09-11T21:28:14.206+08:00,14.8,1159,/mnt/win_share/Data_Storage/研发/HIT/大车防撞/655_2026_09_11/rtg_655_gantry_collision_2026_09_11_21_28_01_389439567
rtg_655_gantry_collision_2026_09_11_21_28_43_832874417,655,2026-09-11T21:28:41.834+08:00,2026-09-11T21:29:22.917+08:00,41.1,3167,/mnt/win_share/Data_Storage/研发/HIT/大车防撞/655_2026_09_11/rtg_655_gantry_collision_2026_09_11_21_28_43_832874417
rtg_655_gantry_collision_2026_09_11_21_29_34_926651669,655,2026-09-11T21:29:32.957+08:00,2026-09-11T21:29:56.355+08:00,23.4,1864,/mnt/win_share/Data_Storage/研发/HIT/大车防撞/655_2026_09_11/rtg_655_gantry_collision_2026_09_11_21_29_34_926651669
rtg_655_gantry_collision_2026_09_11_21_29_49_160857156,655,2026-09-11T21:29:47.189+08:00,2026-09-11T21:29:59.634+08:00,12.4,965,/mnt/win_share/Data_Storage/研发/HIT/大车防撞/655_2026_09_11/rtg_655_gantry_collision_2026_09_11_21_29_49_160857156
rtg_655_gantry_collision_2026_09_11_21_29_57_770999663,655,2026-09-11T21:29:55.794+08:00,2026-09-11T21:30:06.839+08:00,11.0,832,/mnt/win_share/Data_Storage/研发/HIT/大车防撞/655_2026_09_11/rtg_655_gantry_collision_2026_09_11_21_29_57_770999663
rtg_655_gantry_collision_2026_09_11_21_30_17_410615704,655,2026-09-11T21:30:15.436+08:00,2026-09-11T21:30:30.036+08:00,14.6,1059,/mnt/win_share/Data_Storage/研发/HIT/大车防撞/655_2026_09_11/rtg_655_gantry_collision_2026_09_11_21_30_17_410615704
rtg_655_gantry_collision_2026_09_11_21_30_30_264077073,655,2026-09-11T21:30:28.275+08:00,2026-09-11T21:30:48.435+08:00,20.2,1543,/mnt/win_share/Data_Storage/研发/HIT/大车防撞/655_2026_09_11/rtg_655_gantry_collision_2026_09_11_21_30_30_264077073
rtg_655_gantry_collision_2026_09_11_21_30_56_247258862,655,2026-09-11T21:30:54.252+08:00,2026-09-11T21:31:36.556+08:00,42.3,3194,/mnt/win_share/Data_Storage/研发/HIT/大车防撞/655_2026_09_11/rtg_655_gantry_collision_2026_09_11_21_30_56_247258862
rtg_655_gantry_collision_2026_09_11_21_31_50_011201803,655,2026-09-11T21:31:48.035+08:00,2026-09-11T21:32:04.718+08:00,16.7,1192,/mnt/win_share/Data_Storage/研发/HIT/大车防撞/655_2026_09_11/rtg_655_gantry_collision_2026_09_11_21_31_50_011201803
rtg_655_gantry_collision_2026_09_11_21_34_35_388466958,655,2026-09-11T21:34:33.398+08:00,2026-09-11T21:34:45.955+08:00,12.6,823,/mnt/win_share/Data_Storage/研发/HIT/大车防撞/655_2026_09_11/rtg_655_gantry_collision_2026_09_11_21_34_35_388466958
rtg_655_gantry_collision_2026_09_11_21_34_48_586079598,655,2026-09-11T21:34:46.594+08:00,2026-09-11T21:34:53.756+08:00,7.2,457,/mnt/win_share/Data_Storage/研发/HIT/大车防撞/655_2026_09_11/rtg_655_gantry_collision_2026_09_11_21_34_48_586079598
rtg_655_gantry_collision_2026_09_11_21_42_05_233698137,655,2026-09-11T21:42:03.238+08:00,2026-09-11T21:42:11.509+08:00,8.3,577,/mnt/win_share/Data_Storage/研发/HIT/大车防撞/655_2026_09_11/rtg_655_gantry_collision_2026_09_11_21_42_05_233698137
rtg_655_gantry_collision_2026_09_11_21_52_26_463011023,655,2026-09-11T21:52:24.476+08:00,2026-09-11T21:52:32.406+08:00,7.9,513,/mnt/win_share/Data_Storage/研发/HIT/大车防撞/655_2026_09_11/rtg_655_gantry_collision_2026_09_11_21_52_26_463011023
rtg_655_gantry_collision_2026_09_11_22_07_36_712810322,655,2026-09-11T22:07:34.720+08:00,2026-09-11T22:07:47.755+08:00,13.0,922,/mnt/win_share/Data_Storage/研发/HIT/大车防撞/655_2026_09_11/rtg_655_gantry_collision_2026_09_11_22_07_36_712810322
rtg_655_gantry_collision_2026_09_11_22_38_34_508966291,655,2026-09-11T22:38:32.517+08:00,2026-09-11T22:39:36.520+08:00,64.0,5250,/mnt/win_share/Data_Storage/研发/HIT/大车防撞/655_2026_09_11/rtg_655_gantry_collision_2026_09_11_22_38_34_508966291
rtg_655_gantry_collision_2026_09_11_22_39_45_871371013,655,2026-09-11T22:39:43.875+08:00,2026-09-11T22:39:56.766+08:00,12.9,947,/mnt/win_share/Data_Storage/研发/HIT/大车防撞/655_2026_09_11/rtg_655_gantry_collision_2026_09_11_22_39_45_871371013
rtg_655_gantry_collision_2026_09_11_22_40_33_603633754,655,2026-09-11T22:40:31.608+08:00,2026-09-11T22:40:41.900+08:00,10.3,716,/mnt/win_share/Data_Storage/研发/HIT/大车防撞/655_2026_09_11/rtg_655_gantry_collision_2026_09_11_22_40_33_603633754
rtg_655_gantry_collision_2026_09_11_22_40_55_655307855,655,2026-09-11T22:40:53.674+08:00,2026-09-11T22:41:15.875+08:00,22.2,1611,/mnt/win_share/Data_Storage/研发/HIT/大车防撞/655_2026_09_11/rtg_655_gantry_collision_2026_09_11_22_40_55_655307855
rtg_655_gantry_collision_2026_09_11_22_41_45_077830525,655,2026-09-11T22:41:43.101+08:00,2026-09-11T22:42:02.354+08:00,19.3,1365,/mnt/win_share/Data_Storage/研发/HIT/大车防撞/655_2026_09_11/rtg_655_gantry_collision_2026_09_11_22_41_45_077830525
rtg_655_gantry_collision_2026_09_11_22_43_11_771378444,655,2026-09-11T22:43:09.795+08:00,2026-09-11T22:43:18.103+08:00,8.3,571,/mnt/win_share/Data_Storage/研发/HIT/大车防撞/655_2026_09_11/rtg_655_gantry_collision_2026_09_11_22_43_11_771378444
rtg_655_gantry_collision_2026_09_11_22_43_18_783073485,655,2026-09-11T22:43:16.796+08:00,2026-09-11T22:43:34.036+08:00,17.2,1356,/mnt/win_share/Data_Storage/研发/HIT/大车防撞/655_2026_09_11/rtg_655_gantry_collision_2026_09_11_22_43_18_783073485
rtg_655_gantry_collision_2026_09_11_22_44_24_655512616,655,2026-09-11T22:44:22.675+08:00,2026-09-11T22:44:39.635+08:00,17.0,1224,/mnt/win_share/Data_Storage/研发/HIT/大车防撞/655_2026_09_11/rtg_655_gantry_collision_2026_09_11_22_44_24_655512616
rtg_655_gantry_collision_2026_09_11_22_44_47_492419605,655,2026-09-11T22:44:45.501+08:00,2026-09-11T22:45:35.201+08:00,49.7,3810,/mnt/win_share/Data_Storage/研发/HIT/大车防撞/655_2026_09_11/rtg_655_gantry_collision_2026_09_11_22_44_47_492419605
rtg_655_gantry_collision_2026_09_11_22_46_31_612881257,655,2026-09-11T22:46:29.635+08:00,2026-09-11T22:46:41.102+08:00,11.5,767,/mnt/win_share/Data_Storage/研发/HIT/大车防撞/655_2026_09_11/rtg_655_gantry_collision_2026_09_11_22_46_31_612881257
rtg_655_gantry_collision_2026_09_11_22_46_48_436837732,655,2026-09-11T22:46:46.473+08:00,2026-09-11T22:46:58.477+08:00,12.0,804,/mnt/win_share/Data_Storage/研发/HIT/大车防撞/655_2026_09_11/rtg_655_gantry_collision_2026_09_11_22_46_48_436837732
rtg_655_gantry_collision_2026_09_11_22_47_52_423463698,655,2026-09-11T22:47:50.435+08:00,2026-09-11T22:48:06.114+08:00,15.7,1261,/mnt/win_share/Data_Storage/研发/HIT/大车防撞/655_2026_09_11/rtg_655_gantry_collision_2026_09_11_22_47_52_423463698
rtg_655_gantry_collision_2026_09_11_22_48_56_124900494,655,2026-09-11T22:48:54.156+08:00,2026-09-11T22:49:22.234+08:00,28.1,2161,/mnt/win_share/Data_Storage/研发/HIT/大车防撞/655_2026_09_11/rtg_655_gantry_collision_2026_09_11_22_48_56_124900494
rtg_655_gantry_collision_2026_09_11_22_50_24_320299812,655,2026-09-11T22:50:22.354+08:00,2026-09-11T22:50:37.156+08:00,14.8,1107,/mnt/win_share/Data_Storage/研发/HIT/大车防撞/655_2026_09_11/rtg_655_gantry_collision_2026_09_11_22_50_24_320299812
rtg_655_gantry_collision_2026_09_11_22_50_46_055047116,655,2026-09-11T22:50:44.075+08:00,2026-09-11T22:50:54.155+08:00,10.1,831,/mnt/win_share/Data_Storage/研发/HIT/大车防撞/655_2026_09_11/rtg_655_gantry_collision_2026_09_11_22_50_46_055047116
rtg_655_gantry_collision_2026_09_11_22_51_42_986747827,655,2026-09-11T22:51:40.990+08:00,2026-09-11T22:52:19.234+08:00,38.2,3216,/mnt/win_share/Data_Storage/研发/HIT/大车防撞/655_2026_09_11/rtg_655_gantry_collision_2026_09_11_22_51_42_986747827
rtg_655_gantry_collision_2026_09_11_22_52_24_038140816,655,2026-09-11T22:52:22.076+08:00,2026-09-11T22:52:35.234+08:00,13.2,923,/mnt/win_share/Data_Storage/研发/HIT/大车防撞/655_2026_09_11/rtg_655_gantry_collision_2026_09_11_22_52_24_038140816
