第一层数据集文件夹,报警雷达,区域,报警时间（北京时间）,结束时间（北京时间）,持续时长（秒）,报警最小距离（米）,报警级别,报警消息数,DB3文件
rtg_655_gantry_collision_2026_09_11_02_03_58_348293523,L20,2,2026-09-11 02:03:58.348,2026-09-11 02:03:59.129,0.781,8.632,减速报警,9,rtg_655_gantry_collision_2026_09_11_02_03_58_348293523/rtg_655_gantry_collision_right_2026_09_11_02_03_58_348293523_0.db3
rtg_655_gantry_collision_2026_09_11_02_45_24_284644914,L18,3,2026-09-11 02:45:24.284,2026-09-11 02:45:24.597,0.313,0.946,停止报警,6,rtg_655_gantry_collision_2026_09_11_02_45_24_284644914/rtg_655_gantry_collision_left_2026_09_11_02_45_24_284644914_0.db3
rtg_655_gantry_collision_2026_09_11_03_33_15_258123264,L21,1,2026-09-11 03:33:15.258,2026-09-11 03:33:15.949,0.691,12.378,减速报警,8,rtg_655_gantry_collision_2026_09_11_03_33_15_258123264/rtg_655_gantry_collision_left_2026_09_11_03_33_15_258123264_0.db3
rtg_655_gantry_collision_2026_09_11_03_34_45_462238969,L21,1,2026-09-11 03:34:45.462,2026-09-11 03:34:46.182,0.721,12.335,减速报警,8,rtg_655_gantry_collision_2026_09_11_03_34_45_462238969/rtg_655_gantry_collision_left_2026_09_11_03_34_45_462238969_0.db3
rtg_655_gantry_collision_2026_09_11_03_35_03_562230378,L21,1,2026-09-11 03:35:03.562,2026-09-11 03:35:04.401,0.839,12.401,减速报警,9,rtg_655_gantry_collision_2026_09_11_03_35_03_562230378/rtg_655_gantry_collision_left_2026_09_11_03_35_03_562230378_0.db3
rtg_655_gantry_collision_2026_09_11_03_35_53_754344671,L21,1,2026-09-11 03:35:53.754,2026-09-11 03:35:54.439,0.685,12.411,减速报警,7,rtg_655_gantry_collision_2026_09_11_03_35_53_754344671/rtg_655_gantry_collision_left_2026_09_11_03_35_53_754344671_0.db3
rtg_655_gantry_collision_2026_09_11_03_37_13_962950256,L18,3,2026-09-11 03:37:13.962,2026-09-11 03:37:14.208,0.246,0.931,停止报警,6,rtg_655_gantry_collision_2026_09_11_03_37_13_962950256/rtg_655_gantry_collision_left_2026_09_11_03_37_13_962950256_0.db3
rtg_655_gantry_collision_2026_09_11_03_37_39_044718870,L21,1,2026-09-11 03:37:39.044,2026-09-11 03:37:39.529,0.484,12.400,减速报警,7,rtg_655_gantry_collision_2026_09_11_03_37_39_044718870/rtg_655_gantry_collision_left_2026_09_11_03_37_39_044718870_0.db3
rtg_655_gantry_collision_2026_09_11_03_38_37_414847043,L21,1,2026-09-11 03:38:37.414,2026-09-11 03:38:38.195,0.781,12.385,减速报警,9,rtg_655_gantry_collision_2026_09_11_03_38_37_414847043/rtg_655_gantry_collision_left_2026_09_11_03_38_37_414847043_0.db3
rtg_655_gantry_collision_2026_09_11_03_41_09_848927966,L21,1,2026-09-11 03:41:09.848,2026-09-11 03:41:10.473,0.624,12.357,减速报警,7,rtg_655_gantry_collision_2026_09_11_03_41_09_848927966/rtg_655_gantry_collision_left_2026_09_11_03_41_09_848927966_0.db3
rtg_655_gantry_collision_2026_09_11_03_41_25_013002966,L21,1,2026-09-11 03:41:25.013,2026-09-11 03:41:25.931,0.919,12.417,减速报警,10,rtg_655_gantry_collision_2026_09_11_03_41_25_013002966/rtg_655_gantry_collision_left_2026_09_11_03_41_25_013002966_0.db3
rtg_655_gantry_collision_2026_09_11_03_41_48_843382248,L21,1,2026-09-11 03:41:48.843,2026-09-11 03:41:49.431,0.588,12.363,减速报警,7,rtg_655_gantry_collision_2026_09_11_03_41_48_843382248/rtg_655_gantry_collision_left_2026_09_11_03_41_48_843382248_0.db3
rtg_655_gantry_collision_2026_09_11_03_42_59_993935102,L21,1,2026-09-11 03:42:59.993,2026-09-11 03:43:00.490,0.497,12.374,减速报警,7,rtg_655_gantry_collision_2026_09_11_03_42_59_993935102/rtg_655_gantry_collision_left_2026_09_11_03_42_59_993935102_0.db3
rtg_655_gantry_collision_2026_09_11_03_43_33_900112190,L21,1,2026-09-11 03:43:33.900,2026-09-11 03:43:34.646,0.746,12.388,减速报警,9,rtg_655_gantry_collision_2026_09_11_03_43_33_900112190/rtg_655_gantry_collision_left_2026_09_11_03_43_33_900112190_0.db3
rtg_655_gantry_collision_2026_09_11_04_56_45_831204056,L18,3,2026-09-11 04:56:45.831,2026-09-11 04:57:09.567,23.736,4.424,减速报警→停止报警,458,rtg_655_gantry_collision_2026_09_11_04_56_45_831204056/rtg_655_gantry_collision_left_2026_09_11_04_56_45_831204056_0.db3
rtg_655_gantry_collision_2026_09_11_05_25_52_619649162,L20,2,2026-09-11 05:25:52.619,2026-09-11 05:25:53.733,1.114,5.976,减速报警,11,rtg_655_gantry_collision_2026_09_11_05_25_52_619649162/rtg_655_gantry_collision_right_2026_09_11_05_25_52_619649162_0.db3
rtg_655_gantry_collision_2026_09_11_05_44_53_638983565,L18,3,2026-09-11 05:44:53.638,2026-09-11 05:44:56.139,2.501,3.096,减速报警→停止报警,49,rtg_655_gantry_collision_2026_09_11_05_44_53_638983565/rtg_655_gantry_collision_left_2026_09_11_05_44_53_638983565_0.db3
rtg_655_gantry_collision_2026_09_11_06_31_34_911936971,L18,3,2026-09-11 06:31:34.911,2026-09-11 06:31:35.778,0.867,3.795,停止报警,16,rtg_655_gantry_collision_2026_09_11_06_31_34_911936971/rtg_655_gantry_collision_left_2026_09_11_06_31_34_911936971_0.db3
rtg_655_gantry_collision_2026_09_11_06_33_33_367651450,L18,3,2026-09-11 06:33:33.367,2026-09-11 06:33:53.390,20.022,2.066,减速报警→停止报警,404,rtg_655_gantry_collision_2026_09_11_06_33_33_367651450/rtg_655_gantry_collision_left_2026_09_11_06_33_33_367651450_0.db3
rtg_655_gantry_collision_2026_09_11_06_34_27_013554265,L18,3,2026-09-11 06:34:27.013,2026-09-11 06:34:30.336,3.323,3.104,停止报警,45,rtg_655_gantry_collision_2026_09_11_06_34_27_013554265/rtg_655_gantry_collision_left_2026_09_11_06_34_27_013554265_0.db3
rtg_655_gantry_collision_2026_09_11_07_11_45_208660521,L18,3,2026-09-11 07:11:45.208,2026-09-11 07:11:46.251,1.043,3.044,停止报警,21,rtg_655_gantry_collision_2026_09_11_07_11_45_208660521/rtg_655_gantry_collision_left_2026_09_11_07_11_45_208660521_0.db3
rtg_655_gantry_collision_2026_09_11_07_23_52_962230113,L18,3,2026-09-11 07:23:52.962,2026-09-11 07:23:53.829,0.867,0.960,停止报警,15,rtg_655_gantry_collision_2026_09_11_07_23_52_962230113/rtg_655_gantry_collision_left_2026_09_11_07_23_52_962230113_0.db3
rtg_655_gantry_collision_2026_09_11_07_25_23_474525230,L18,3,2026-09-11 07:25:23.474,2026-09-11 07:25:24.506,1.032,3.770,停止报警,19,rtg_655_gantry_collision_2026_09_11_07_25_23_474525230/rtg_655_gantry_collision_left_2026_09_11_07_25_23_474525230_0.db3
rtg_655_gantry_collision_2026_09_11_07_44_15_426758094,L18,3,2026-09-11 07:44:15.426,2026-09-11 07:44:24.290,8.863,11.549,减速报警,177,rtg_655_gantry_collision_2026_09_11_07_44_15_426758094/rtg_655_gantry_collision_left_2026_09_11_07_44_15_426758094_0.db3
rtg_655_gantry_collision_2026_09_11_07_46_57_653392607,L18,3,2026-09-11 07:46:57.653,2026-09-11 07:46:58.938,1.285,3.089,停止报警,24,rtg_655_gantry_collision_2026_09_11_07_46_57_653392607/rtg_655_gantry_collision_left_2026_09_11_07_46_57_653392607_0.db3
rtg_655_gantry_collision_2026_09_11_07_49_52_861335553,L18,3,2026-09-11 07:49:52.861,2026-09-11 07:49:58.668,5.807,13.947,减速报警,96,rtg_655_gantry_collision_2026_09_11_07_49_52_861335553/rtg_655_gantry_collision_left_2026_09_11_07_49_52_861335553_0.db3
rtg_655_gantry_collision_2026_09_11_07_54_14_979768008,L18,3,2026-09-11 07:54:14.979,2026-09-11 07:54:25.660,10.680,9.097,减速报警,210,rtg_655_gantry_collision_2026_09_11_07_54_14_979768008/rtg_655_gantry_collision_left_2026_09_11_07_54_14_979768008_0.db3
rtg_655_gantry_collision_2026_09_11_07_59_53_590169422,L18,3,2026-09-11 07:59:53.590,2026-09-11 07:59:54.620,1.030,15.885,减速报警,20,rtg_655_gantry_collision_2026_09_11_07_59_53_590169422/rtg_655_gantry_collision_left_2026_09_11_07_59_53_590169422_0.db3
rtg_655_gantry_collision_2026_09_11_08_00_47_114871586,L18,3,2026-09-11 08:00:47.114,2026-09-11 08:00:48.742,1.627,3.451,停止报警,33,rtg_655_gantry_collision_2026_09_11_08_00_47_114871586/rtg_655_gantry_collision_left_2026_09_11_08_00_47_114871586_0.db3
rtg_655_gantry_collision_2026_09_11_08_18_22_381231367,,,,,,,,,
rtg_655_gantry_collision_2026_09_11_08_20_22_506076143,,,,,,,,,
rtg_655_gantry_collision_2026_09_11_08_30_39_747353464,L19,4,2026-09-11 08:30:39.747,2026-09-11 08:30:40.803,1.056,4.185,停止报警,21,rtg_655_gantry_collision_2026_09_11_08_30_39_747353464/rtg_655_gantry_collision_right_2026_09_11_08_30_39_747353464_0.db3
rtg_655_gantry_collision_2026_09_11_08_37_38_251966802,L18,3,2026-09-11 08:37:38.251,2026-09-11 08:37:40.401,2.150,3.014,停止报警,44,rtg_655_gantry_collision_2026_09_11_08_37_38_251966802/rtg_655_gantry_collision_left_2026_09_11_08_37_38_251966802_0.db3
rtg_655_gantry_collision_2026_09_11_08_45_25_823864751,L19,4,2026-09-11 08:45:25.823,2026-09-11 08:45:26.816,0.992,4.192,停止报警,19,rtg_655_gantry_collision_2026_09_11_08_45_25_823864751/rtg_655_gantry_collision_right_2026_09_11_08_45_25_823864751_0.db3
rtg_655_gantry_collision_2026_09_11_08_53_14_257608219,L21,1,2026-09-11 08:53:14.257,2026-09-11 08:53:15.315,1.058,2.679,停止报警,11,rtg_655_gantry_collision_2026_09_11_08_53_14_257608219/rtg_655_gantry_collision_left_2026_09_11_08_53_14_257608219_0.db3
rtg_655_gantry_collision_2026_09_11_08_58_25_934898789,L18,3,2026-09-11 08:58:25.934,2026-09-11 08:58:28.048,2.113,3.133,减速报警→停止报警,44,rtg_655_gantry_collision_2026_09_11_08_58_25_934898789/rtg_655_gantry_collision_left_2026_09_11_08_58_25_934898789_0.db3
rtg_655_gantry_collision_2026_09_11_08_58_29_951277554,L19,4,2026-09-11 08:58:29.951,2026-09-11 08:58:31.792,1.841,3.264,停止报警,38,rtg_655_gantry_collision_2026_09_11_08_58_29_951277554/rtg_655_gantry_collision_right_2026_09_11_08_58_29_951277554_0.db3
rtg_655_gantry_collision_2026_09_11_09_00_50_325595222,L21,1,2026-09-11 09:00:50.325,2026-09-11 09:00:51.222,0.897,5.309,停止报警,10,rtg_655_gantry_collision_2026_09_11_09_00_50_325595222/rtg_655_gantry_collision_left_2026_09_11_09_00_50_325595222_0.db3
rtg_655_gantry_collision_2026_09_11_09_10_46_469997923,L18,3,2026-09-11 09:10:46.469,2026-09-11 09:10:47.589,1.119,3.032,停止报警,25,rtg_655_gantry_collision_2026_09_11_09_10_46_469997923/rtg_655_gantry_collision_left_2026_09_11_09_10_46_469997923_0.db3
rtg_655_gantry_collision_2026_09_11_09_12_23_326112737,L19,4,2026-09-11 09:12:23.326,2026-09-11 09:12:24.301,0.975,3.758,停止报警,23,rtg_655_gantry_collision_2026_09_11_09_12_23_326112737/rtg_655_gantry_collision_right_2026_09_11_09_12_23_326112737_0.db3
rtg_655_gantry_collision_2026_09_11_09_16_10_812616462,L19,4,2026-09-11 09:16:10.812,2026-09-11 09:16:12.457,1.645,3.022,停止报警,34,rtg_655_gantry_collision_2026_09_11_09_16_10_812616462/rtg_655_gantry_collision_right_2026_09_11_09_16_10_812616462_0.db3
rtg_655_gantry_collision_2026_09_11_09_43_30_027934938,L18,3,2026-09-11 09:43:30.027,2026-09-11 09:43:30.994,0.967,4.575,停止报警,23,rtg_655_gantry_collision_2026_09_11_09_43_30_027934938/rtg_655_gantry_collision_left_2026_09_11_09_43_30_027934938_0.db3
rtg_655_gantry_collision_2026_09_11_09_44_18_368129948,L19,4,2026-09-11 09:44:18.368,2026-09-11 09:44:19.067,0.700,3.707,停止报警,17,rtg_655_gantry_collision_2026_09_11_09_44_18_368129948/rtg_655_gantry_collision_right_2026_09_11_09_44_18_368129948_0.db3
rtg_655_gantry_collision_2026_09_11_09_44_30_315785984,L18,3,2026-09-11 09:44:30.315,2026-09-11 09:44:31.236,0.920,3.008,停止报警,20,rtg_655_gantry_collision_2026_09_11_09_44_30_315785984/rtg_655_gantry_collision_left_2026_09_11_09_44_30_315785984_0.db3
rtg_655_gantry_collision_2026_09_11_09_50_46_249490172,L21,1,2026-09-11 09:50:46.249,2026-09-11 09:50:47.039,0.790,7.132,减速报警,10,rtg_655_gantry_collision_2026_09_11_09_50_46_249490172/rtg_655_gantry_collision_left_2026_09_11_09_50_46_249490172_0.db3
rtg_655_gantry_collision_2026_09_11_09_51_26_276329651,L18,3,2026-09-11 09:51:26.276,2026-09-11 09:51:28.436,2.160,3.000,停止报警→减速报警,45,rtg_655_gantry_collision_2026_09_11_09_51_26_276329651/rtg_655_gantry_collision_left_2026_09_11_09_51_26_276329651_0.db3
rtg_655_gantry_collision_2026_09_11_09_51_29_007829466,L19,4,2026-09-11 09:51:29.007,2026-09-11 09:51:30.532,1.525,3.105,停止报警,30,rtg_655_gantry_collision_2026_09_11_09_51_29_007829466/rtg_655_gantry_collision_right_2026_09_11_09_51_29_007829466_0.db3
rtg_655_gantry_collision_2026_09_11_13_09_36_976029029,L20;L19,2;4,2026-09-11 13:09:36.976;2026-09-11 13:10:15.177,2026-09-11 13:11:07.798;2026-09-11 13:10:16.164,90.822;0.987,4.336;4.565,停止报警→减速报警;停止报警,939;20,rtg_655_gantry_collision_2026_09_11_13_09_36_976029029/rtg_655_gantry_collision_right_2026_09_11_13_09_36_976029029_0.db3;rtg_655_gantry_collision_2026_09_11_13_09_36_976029029/rtg_655_gantry_collision_right_2026_09_11_13_09_36_976029029_0.db3
rtg_655_gantry_collision_2026_09_11_13_10_13_080098998,L18,3,2026-09-11 13:10:13.080,2026-09-11 13:10:15.011,1.931,3.082,停止报警,39,rtg_655_gantry_collision_2026_09_11_13_10_13_080098998/rtg_655_gantry_collision_left_2026_09_11_13_10_13_080098998_0.db3
rtg_655_gantry_collision_2026_09_11_13_13_19_874265575,L21,1,2026-09-11 13:13:19.874,2026-09-11 13:13:21.431,1.557,3.009,停止报警,17,rtg_655_gantry_collision_2026_09_11_13_13_19_874265575/rtg_655_gantry_collision_left_2026_09_11_13_13_19_874265575_0.db3
rtg_655_gantry_collision_2026_09_11_13_13_21_984454578,L20,2,2026-09-11 13:13:21.984,2026-09-11 13:13:31.469,9.485,8.898,减速报警,35,rtg_655_gantry_collision_2026_09_11_13_13_21_984454578/rtg_655_gantry_collision_right_2026_09_11_13_13_21_984454578_0.db3
rtg_655_gantry_collision_2026_09_11_13_18_23_947270297,L20,2,2026-09-11 13:18:23.947,2026-09-11 13:18:25.007,1.061,7.998,减速报警,10,rtg_655_gantry_collision_2026_09_11_13_18_23_947270297/rtg_655_gantry_collision_right_2026_09_11_13_18_23_947270297_0.db3
rtg_655_gantry_collision_2026_09_11_13_18_38_054774608,L20,2,2026-09-11 13:18:38.054,2026-09-11 13:18:38.964,0.910,8.897,减速报警,10,rtg_655_gantry_collision_2026_09_11_13_18_38_054774608/rtg_655_gantry_collision_right_2026_09_11_13_18_38_054774608_0.db3
rtg_655_gantry_collision_2026_09_11_13_18_57_801757699,L20,2,2026-09-11 13:18:57.801,2026-09-11 13:18:59.580,1.779,8.339,减速报警,16,rtg_655_gantry_collision_2026_09_11_13_18_57_801757699/rtg_655_gantry_collision_right_2026_09_11_13_18_57_801757699_0.db3
rtg_655_gantry_collision_2026_09_11_13_19_06_982684408,L20,2,2026-09-11 13:19:06.982,2026-09-11 13:20:00.012,53.030,3.124,减速报警→停止报警,509,rtg_655_gantry_collision_2026_09_11_13_19_06_982684408/rtg_655_gantry_collision_right_2026_09_11_13_19_06_982684408_0.db3
rtg_655_gantry_collision_2026_09_11_13_20_49_889765029,L19,4,2026-09-11 13:20:49.889,2026-09-11 13:20:50.946,1.056,3.899,停止报警,22,rtg_655_gantry_collision_2026_09_11_13_20_49_889765029/rtg_655_gantry_collision_right_2026_09_11_13_20_49_889765029_0.db3
rtg_655_gantry_collision_2026_09_11_13_22_12_646043569,L18,3,2026-09-11 13:22:12.646,2026-09-11 13:22:13.715,1.069,3.076,停止报警,20,rtg_655_gantry_collision_2026_09_11_13_22_12_646043569/rtg_655_gantry_collision_left_2026_09_11_13_22_12_646043569_0.db3
rtg_655_gantry_collision_2026_09_11_13_30_13_048191828,L20,2,2026-09-11 13:30:13.048,2026-09-11 13:30:19.013,5.966,8.829,减速报警,28,rtg_655_gantry_collision_2026_09_11_13_30_13_048191828/rtg_655_gantry_collision_right_2026_09_11_13_30_13_048191828_0.db3
rtg_655_gantry_collision_2026_09_11_13_44_33_086433345,L18,3,2026-09-11 13:44:33.086,2026-09-11 13:44:34.201,1.115,3.047,停止报警,25,rtg_655_gantry_collision_2026_09_11_13_44_33_086433345/rtg_655_gantry_collision_left_2026_09_11_13_44_33_086433345_0.db3
rtg_655_gantry_collision_2026_09_11_13_44_33_858431467,L19,4,2026-09-11 13:44:33.858,2026-09-11 13:44:34.781,0.923,3.603,停止报警,20,rtg_655_gantry_collision_2026_09_11_13_44_33_858431467/rtg_655_gantry_collision_right_2026_09_11_13_44_33_858431467_0.db3
rtg_655_gantry_collision_2026_09_11_13_48_17_000737314,L20,2,2026-09-11 13:48:17.000,2026-09-11 13:48:17.456,0.456,13.640,减速报警,6,rtg_655_gantry_collision_2026_09_11_13_48_17_000737314/rtg_655_gantry_collision_right_2026_09_11_13_48_17_000737314_0.db3
rtg_655_gantry_collision_2026_09_11_13_50_45_994808968,L18,3,2026-09-11 13:50:45.994,2026-09-11 13:50:46.387,0.393,0.880,停止报警,9,rtg_655_gantry_collision_2026_09_11_13_50_45_994808968/rtg_655_gantry_collision_left_2026_09_11_13_50_45_994808968_0.db3
rtg_655_gantry_collision_2026_09_11_14_01_40_568110681,L20,2,2026-09-11 14:01:40.568,2026-09-11 14:01:48.894,8.327,7.503,减速报警,51,rtg_655_gantry_collision_2026_09_11_14_01_40_568110681/rtg_655_gantry_collision_right_2026_09_11_14_01_40_568110681_0.db3
rtg_655_gantry_collision_2026_09_11_14_02_16_171419351,L20,2,2026-09-11 14:02:16.171,2026-09-11 14:02:17.056,0.885,9.296,减速报警,9,rtg_655_gantry_collision_2026_09_11_14_02_16_171419351/rtg_655_gantry_collision_right_2026_09_11_14_02_16_171419351_0.db3
rtg_655_gantry_collision_2026_09_11_14_14_24_435501384,L19,4,2026-09-11 14:14:24.435,2026-09-11 14:14:25.327,0.892,3.903,停止报警,17,rtg_655_gantry_collision_2026_09_11_14_14_24_435501384/rtg_655_gantry_collision_right_2026_09_11_14_14_24_435501384_0.db3
rtg_655_gantry_collision_2026_09_11_14_33_50_569748922,L20,2,2026-09-11 14:33:50.569,2026-09-11 14:33:53.181,2.611,7.175,减速报警,28,rtg_655_gantry_collision_2026_09_11_14_33_50_569748922/rtg_655_gantry_collision_right_2026_09_11_14_33_50_569748922_0.db3
rtg_655_gantry_collision_2026_09_11_14_34_01_024089139,L19;L20,4;2,2026-09-11 14:34:01.024;2026-09-11 14:34:05.950,2026-09-11 14:34:05.398;2026-09-11 14:34:09.947,4.375;3.998,8.143;13.063,减速报警;减速报警,83;41,rtg_655_gantry_collision_2026_09_11_14_34_01_024089139/rtg_655_gantry_collision_right_2026_09_11_14_34_01_024089139_0.db3;rtg_655_gantry_collision_2026_09_11_14_34_01_024089139/rtg_655_gantry_collision_right_2026_09_11_14_34_01_024089139_0.db3
rtg_655_gantry_collision_2026_09_11_14_34_15_276385644,L19;L20,4;2,2026-09-11 14:34:15.276;2026-09-11 14:34:19.858,2026-09-11 14:35:08.348;2026-09-11 14:35:11.716,53.072;51.858,3.115;7.591,减速报警→停止报警;减速报警,788;330,rtg_655_gantry_collision_2026_09_11_14_34_15_276385644/rtg_655_gantry_collision_right_2026_09_11_14_34_15_276385644_0.db3;rtg_655_gantry_collision_2026_09_11_14_34_15_276385644/rtg_655_gantry_collision_right_2026_09_11_14_34_15_276385644_0.db3
rtg_655_gantry_collision_2026_09_11_14_35_34_147637164,L20,2,2026-09-11 14:35:34.147,2026-09-11 14:35:38.256,4.108,15.316,减速报警,42,rtg_655_gantry_collision_2026_09_11_14_35_34_147637164/rtg_655_gantry_collision_right_2026_09_11_14_35_34_147637164_0.db3
rtg_655_gantry_collision_2026_09_11_14_35_48_303773404,L20,2,2026-09-11 14:35:48.303,2026-09-11 14:35:51.655,3.352,15.378,减速报警,37,rtg_655_gantry_collision_2026_09_11_14_35_48_303773404/rtg_655_gantry_collision_right_2026_09_11_14_35_48_303773404_0.db3
rtg_655_gantry_collision_2026_09_11_14_36_09_824723103,L19;L20,4;2,2026-09-11 14:36:09.824;2026-09-11 14:36:15.507,2026-09-11 14:36:39.920;2026-09-11 14:36:43.338,30.096;27.830,3.740;7.170,减速报警→停止报警;减速报警,371;147,rtg_655_gantry_collision_2026_09_11_14_36_09_824723103/rtg_655_gantry_collision_right_2026_09_11_14_36_09_824723103_0.db3;rtg_655_gantry_collision_2026_09_11_14_36_09_824723103/rtg_655_gantry_collision_right_2026_09_11_14_36_09_824723103_0.db3
rtg_655_gantry_collision_2026_09_11_14_36_48_348582999,L19;L20,4;2,2026-09-11 14:36:48.348;2026-09-11 14:36:53.130,2026-09-11 14:36:52.122;2026-09-11 14:36:56.379,3.773;3.249,8.212;7.349,减速报警;减速报警,73;34,rtg_655_gantry_collision_2026_09_11_14_36_48_348582999/rtg_655_gantry_collision_right_2026_09_11_14_36_48_348582999_0.db3;rtg_655_gantry_collision_2026_09_11_14_36_48_348582999/rtg_655_gantry_collision_right_2026_09_11_14_36_48_348582999_0.db3
rtg_655_gantry_collision_2026_09_11_14_37_35_595626085,L19;L20,4;2,2026-09-11 14:37:35.595;2026-09-11 14:37:40.330,2026-09-11 14:37:40.147;2026-09-11 14:37:44.172,4.552;3.843,9.853;7.867,减速报警;减速报警,87;42,rtg_655_gantry_collision_2026_09_11_14_37_35_595626085/rtg_655_gantry_collision_right_2026_09_11_14_37_35_595626085_0.db3;rtg_655_gantry_collision_2026_09_11_14_37_35_595626085/rtg_655_gantry_collision_right_2026_09_11_14_37_35_595626085_0.db3
rtg_655_gantry_collision_2026_09_11_14_38_05_442654317,L19;L20,4;2,2026-09-11 14:38:05.442;2026-09-11 14:38:09.267,2026-09-11 14:38:06.386;2026-09-11 14:38:12.583,0.944;3.316,15.565;9.046,减速报警;减速报警,18;34,rtg_655_gantry_collision_2026_09_11_14_38_05_442654317/rtg_655_gantry_collision_right_2026_09_11_14_38_05_442654317_0.db3;rtg_655_gantry_collision_2026_09_11_14_38_05_442654317/rtg_655_gantry_collision_right_2026_09_11_14_38_05_442654317_0.db3
rtg_655_gantry_collision_2026_09_11_14_38_21_070050125,L20,2,2026-09-11 14:38:21.070,2026-09-11 14:38:22.989,1.919,14.011,减速报警,21,rtg_655_gantry_collision_2026_09_11_14_38_21_070050125/rtg_655_gantry_collision_right_2026_09_11_14_38_21_070050125_0.db3
rtg_655_gantry_collision_2026_09_11_14_38_39_496015902,L20;L19,2;4,2026-09-11 14:38:39.496;2026-09-11 14:38:40.799,2026-09-11 14:38:56.914;2026-09-11 14:38:53.567,17.418;12.768,7.600;4.073,减速报警;停止报警→减速报警,121;181,rtg_655_gantry_collision_2026_09_11_14_38_39_496015902/rtg_655_gantry_collision_right_2026_09_11_14_38_39_496015902_0.db3;rtg_655_gantry_collision_2026_09_11_14_38_39_496015902/rtg_655_gantry_collision_right_2026_09_11_14_38_39_496015902_0.db3
rtg_655_gantry_collision_2026_09_11_14_39_50_147376308,L19;L20,4;2,2026-09-11 14:39:50.147;2026-09-11 14:39:54.588,2026-09-11 14:39:54.271;2026-09-11 14:39:57.945,4.124;3.357,13.046;9.118,减速报警;减速报警,78;35,rtg_655_gantry_collision_2026_09_11_14_39_50_147376308/rtg_655_gantry_collision_right_2026_09_11_14_39_50_147376308_0.db3;rtg_655_gantry_collision_2026_09_11_14_39_50_147376308/rtg_655_gantry_collision_right_2026_09_11_14_39_50_147376308_0.db3
rtg_655_gantry_collision_2026_09_11_14_40_08_651487625,L19;L20,4;2,2026-09-11 14:40:08.651;2026-09-11 14:40:12.941,2026-09-11 14:40:27.533;2026-09-11 14:40:31.600,18.882;18.659,10.766;7.502,减速报警;减速报警,288;146,rtg_655_gantry_collision_2026_09_11_14_40_08_651487625/rtg_655_gantry_collision_right_2026_09_11_14_40_08_651487625_0.db3;rtg_655_gantry_collision_2026_09_11_14_40_08_651487625/rtg_655_gantry_collision_right_2026_09_11_14_40_08_651487625_0.db3
rtg_655_gantry_collision_2026_09_11_14_40_48_285960023,L19;L20,4;2,2026-09-11 14:40:48.285;2026-09-11 14:40:53.390,2026-09-11 14:40:52.744;2026-09-11 14:41:01.358,4.459;7.968,13.275;8.034,减速报警;减速报警,86;80,rtg_655_gantry_collision_2026_09_11_14_40_48_285960023/rtg_655_gantry_collision_right_2026_09_11_14_40_48_285960023_0.db3;rtg_655_gantry_collision_2026_09_11_14_40_48_285960023/rtg_655_gantry_collision_right_2026_09_11_14_40_48_285960023_0.db3
rtg_655_gantry_collision_2026_09_11_14_41_20_486209095,L19;L20,4;2,2026-09-11 14:41:20.486;2026-09-11 14:41:25.578,2026-09-11 14:41:24.972;2026-09-11 14:41:30.137,4.486;4.559,10.083;9.497,减速报警;减速报警,97;49,rtg_655_gantry_collision_2026_09_11_14_41_20_486209095/rtg_655_gantry_collision_right_2026_09_11_14_41_20_486209095_0.db3;rtg_655_gantry_collision_2026_09_11_14_41_20_486209095/rtg_655_gantry_collision_right_2026_09_11_14_41_20_486209095_0.db3
rtg_655_gantry_collision_2026_09_11_14_41_42_899979888,L20,2,2026-09-11 14:41:42.899,2026-09-11 14:41:46.121,3.222,15.165,减速报警,37,rtg_655_gantry_collision_2026_09_11_14_41_42_899979888/rtg_655_gantry_collision_right_2026_09_11_14_41_42_899979888_0.db3
rtg_655_gantry_collision_2026_09_11_14_42_33_863679168,L19;L20,4;2,2026-09-11 14:42:33.863;2026-09-11 14:42:40.436,2026-09-11 14:42:40.134;2026-09-11 14:42:45.011,6.270;4.575,3.681;7.478,停止报警;减速报警,125;48,rtg_655_gantry_collision_2026_09_11_14_42_33_863679168/rtg_655_gantry_collision_right_2026_09_11_14_42_33_863679168_0.db3;rtg_655_gantry_collision_2026_09_11_14_42_33_863679168/rtg_655_gantry_collision_right_2026_09_11_14_42_33_863679168_0.db3
rtg_655_gantry_collision_2026_09_11_14_42_57_342949574,L20,2,2026-09-11 14:42:57.342,2026-09-11 14:42:58.412,1.070,15.885,减速报警,11,rtg_655_gantry_collision_2026_09_11_14_42_57_342949574/rtg_655_gantry_collision_right_2026_09_11_14_42_57_342949574_0.db3
rtg_655_gantry_collision_2026_09_11_14_43_06_319421961,L19;L20,4;2,2026-09-11 14:43:06.319;2026-09-11 14:43:12.484,2026-09-11 14:43:12.210;2026-09-11 14:43:18.246,5.891;5.762,6.377;10.031,减速报警;减速报警,118;62,rtg_655_gantry_collision_2026_09_11_14_43_06_319421961/rtg_655_gantry_collision_right_2026_09_11_14_43_06_319421961_0.db3;rtg_655_gantry_collision_2026_09_11_14_43_06_319421961/rtg_655_gantry_collision_right_2026_09_11_14_43_06_319421961_0.db3
rtg_655_gantry_collision_2026_09_11_14_43_51_223658861,L20;L19,2;4,2026-09-11 14:43:51.223;2026-09-11 14:43:54.977,2026-09-11 14:44:28.560;2026-09-11 14:44:23.915,37.337;28.938,6.271;4.025,减速报警;减速报警→停止报警,211;252,rtg_655_gantry_collision_2026_09_11_14_43_51_223658861/rtg_655_gantry_collision_right_2026_09_11_14_43_51_223658861_0.db3;rtg_655_gantry_collision_2026_09_11_14_43_51_223658861/rtg_655_gantry_collision_right_2026_09_11_14_43_51_223658861_0.db3
rtg_655_gantry_collision_2026_09_11_14_44_35_398033343,L20,2,2026-09-11 14:44:35.398,2026-09-11 14:44:37.900,2.503,15.637,减速报警,28,rtg_655_gantry_collision_2026_09_11_14_44_35_398033343/rtg_655_gantry_collision_right_2026_09_11_14_44_35_398033343_0.db3
rtg_655_gantry_collision_2026_09_11_14_44_43_432325251,L20;L19,2;4,2026-09-11 14:44:43.432;2026-09-11 14:44:44.443,2026-09-11 14:44:48.205;2026-09-11 14:44:45.772,4.773;1.330,9.186;15.990,减速报警;减速报警,48;25,rtg_655_gantry_collision_2026_09_11_14_44_43_432325251/rtg_655_gantry_collision_right_2026_09_11_14_44_43_432325251_0.db3;rtg_655_gantry_collision_2026_09_11_14_44_43_432325251/rtg_655_gantry_collision_right_2026_09_11_14_44_43_432325251_0.db3
rtg_655_gantry_collision_2026_09_11_14_45_01_572232443,L19;L20,4;2,2026-09-11 14:45:01.572;2026-09-11 14:45:06.363,2026-09-11 14:45:05.757;2026-09-11 14:45:09.203,4.186;2.840,10.251;8.541,减速报警;减速报警,84;31,rtg_655_gantry_collision_2026_09_11_14_45_01_572232443/rtg_655_gantry_collision_right_2026_09_11_14_45_01_572232443_0.db3;rtg_655_gantry_collision_2026_09_11_14_45_01_572232443/rtg_655_gantry_collision_right_2026_09_11_14_45_01_572232443_0.db3
rtg_655_gantry_collision_2026_09_11_14_45_17_694682711,L19;L20,4;2,2026-09-11 14:45:17.694;2026-09-11 14:45:23.730,2026-09-11 14:45:38.385;2026-09-11 14:45:44.083,20.691;20.353,3.965;7.880,减速报警→停止报警;减速报警,308;147,rtg_655_gantry_collision_2026_09_11_14_45_17_694682711/rtg_655_gantry_collision_right_2026_09_11_14_45_17_694682711_0.db3;rtg_655_gantry_collision_2026_09_11_14_45_17_694682711/rtg_655_gantry_collision_right_2026_09_11_14_45_17_694682711_0.db3
rtg_655_gantry_collision_2026_09_11_14_45_53_542636448,L20,2,2026-09-11 14:45:53.542,2026-09-11 14:45:57.945,4.403,14.036,减速报警,48,rtg_655_gantry_collision_2026_09_11_14_45_53_542636448/rtg_655_gantry_collision_right_2026_09_11_14_45_53_542636448_0.db3
rtg_655_gantry_collision_2026_09_11_14_46_05_865722580,L20;L19,2;4,2026-09-11 14:46:05.865;2026-09-11 14:46:12.398,2026-09-11 14:46:27.300;2026-09-11 14:46:22.319,21.435;9.921,6.642;4.913,减速报警;减速报警→停止报警,86;156,rtg_655_gantry_collision_2026_09_11_14_46_05_865722580/rtg_655_gantry_collision_right_2026_09_11_14_46_05_865722580_0.db3;rtg_655_gantry_collision_2026_09_11_14_46_05_865722580/rtg_655_gantry_collision_right_2026_09_11_14_46_05_865722580_0.db3
rtg_655_gantry_collision_2026_09_11_14_46_35_349490628,L19;L20,4;2,2026-09-11 14:46:35.349;2026-09-11 14:46:40.171,2026-09-11 14:46:39.459;2026-09-11 14:46:43.574,4.110;3.403,9.874;8.063,减速报警;减速报警,80;38,rtg_655_gantry_collision_2026_09_11_14_46_35_349490628/rtg_655_gantry_collision_right_2026_09_11_14_46_35_349490628_0.db3;rtg_655_gantry_collision_2026_09_11_14_46_35_349490628/rtg_655_gantry_collision_right_2026_09_11_14_46_35_349490628_0.db3
rtg_655_gantry_collision_2026_09_11_14_46_54_321700991,L19;L20,4;2,2026-09-11 14:46:54.321;2026-09-11 14:46:58.690,2026-09-11 14:47:08.188;2026-09-11 14:47:11.854,13.867;13.165,10.117;9.361,减速报警;减速报警,102;60,rtg_655_gantry_collision_2026_09_11_14_46_54_321700991/rtg_655_gantry_collision_right_2026_09_11_14_46_54_321700991_0.db3;rtg_655_gantry_collision_2026_09_11_14_46_54_321700991/rtg_655_gantry_collision_right_2026_09_11_14_46_54_321700991_0.db3
rtg_655_gantry_collision_2026_09_11_14_47_34_849250989,L19;L20,4;2,2026-09-11 14:47:34.849;2026-09-11 14:47:37.455,2026-09-11 14:47:50.064;2026-09-11 14:47:54.478,15.216;17.023,7.174;7.899,减速报警;减速报警,259;119,rtg_655_gantry_collision_2026_09_11_14_47_34_849250989/rtg_655_gantry_collision_right_2026_09_11_14_47_34_849250989_0.db3;rtg_655_gantry_collision_2026_09_11_14_47_34_849250989/rtg_655_gantry_collision_right_2026_09_11_14_47_34_849250989_0.db3
rtg_655_gantry_collision_2026_09_11_14_47_57_948204532,L18,3,2026-09-11 14:47:57.948,2026-09-11 14:47:58.584,0.636,0.893,停止报警,12,rtg_655_gantry_collision_2026_09_11_14_47_57_948204532/rtg_655_gantry_collision_left_2026_09_11_14_47_57_948204532_0.db3
rtg_655_gantry_collision_2026_09_11_14_48_09_851551547,L19;L20,4;2,2026-09-11 14:48:09.851;2026-09-11 14:48:14.151,2026-09-11 14:48:14.023;2026-09-11 14:48:17.874,4.172;3.722,11.847;8.733,减速报警;减速报警,76;39,rtg_655_gantry_collision_2026_09_11_14_48_09_851551547/rtg_655_gantry_collision_right_2026_09_11_14_48_09_851551547_0.db3;rtg_655_gantry_collision_2026_09_11_14_48_09_851551547/rtg_655_gantry_collision_right_2026_09_11_14_48_09_851551547_0.db3
rtg_655_gantry_collision_2026_09_11_14_48_55_586504582,L19;L20,4;2,2026-09-11 14:48:55.586;2026-09-11 14:49:00.219,2026-09-11 14:48:59.555;2026-09-11 14:49:04.900,3.969;4.681,12.707;7.942,减速报警;减速报警,73;48,rtg_655_gantry_collision_2026_09_11_14_48_55_586504582/rtg_655_gantry_collision_right_2026_09_11_14_48_55_586504582_0.db3;rtg_655_gantry_collision_2026_09_11_14_48_55_586504582/rtg_655_gantry_collision_right_2026_09_11_14_48_55_586504582_0.db3
rtg_655_gantry_collision_2026_09_11_14_49_05_443995526,L18,3,2026-09-11 14:49:05.443,2026-09-11 14:49:05.961,0.517,0.879,停止报警,10,rtg_655_gantry_collision_2026_09_11_14_49_05_443995526/rtg_655_gantry_collision_left_2026_09_11_14_49_05_443995526_0.db3
rtg_655_gantry_collision_2026_09_11_14_49_24_104572763,L19;L20,4;2,2026-09-11 14:49:24.104;2026-09-11 14:49:37.675,2026-09-11 14:49:36.764;2026-09-11 14:49:43.109,12.660;5.435,9.888;3.036,减速报警;停止报警→减速报警,243;56,rtg_655_gantry_collision_2026_09_11_14_49_24_104572763/rtg_655_gantry_collision_right_2026_09_11_14_49_24_104572763_0.db3;rtg_655_gantry_collision_2026_09_11_14_49_24_104572763/rtg_655_gantry_collision_right_2026_09_11_14_49_24_104572763_0.db3
rtg_655_gantry_collision_2026_09_11_14_50_34_377333826,L20;L19,2;4,2026-09-11 14:50:34.377;2026-09-11 14:50:43.136,2026-09-11 14:50:38.704;2026-09-11 14:52:34.352,4.327;111.215,3.123;3.757,停止报警;减速报警→停止报警,45;2127,rtg_655_gantry_collision_2026_09_11_14_50_34_377333826/rtg_655_gantry_collision_right_2026_09_11_14_50_34_377333826_0.db3;rtg_655_gantry_collision_2026_09_11_14_50_34_377333826/rtg_655_gantry_collision_right_2026_09_11_14_50_34_377333826_0.db3
rtg_655_gantry_collision_2026_09_11_14_52_34_383119511,L19;L20,4;2,2026-09-11 14:52:32.549;2026-09-11 14:52:43.046,2026-09-11 14:54:02.181;2026-09-11 14:54:06.205,89.632;83.159,3.372;6.711,停止报警→减速报警;减速报警,1362;588,rtg_655_gantry_collision_2026_09_11_14_52_34_383119511/rtg_655_gantry_collision_right_2026_09_11_14_52_34_383119511_0.db3;rtg_655_gantry_collision_2026_09_11_14_52_34_383119511/rtg_655_gantry_collision_right_2026_09_11_14_52_34_383119511_0.db3
rtg_655_gantry_collision_2026_09_11_14_54_21_749868706,L19;L20,4;2,2026-09-11 14:54:21.749;2026-09-11 14:54:26.870,2026-09-11 14:55:26.442;2026-09-11 14:55:41.549,64.693;74.680,2.741;6.545,减速报警→停止报警;减速报警,994;617,rtg_655_gantry_collision_2026_09_11_14_54_21_749868706/rtg_655_gantry_collision_right_2026_09_11_14_54_21_749868706_0.db3;rtg_655_gantry_collision_2026_09_11_14_54_21_749868706/rtg_655_gantry_collision_right_2026_09_11_14_54_21_749868706_0.db3
rtg_655_gantry_collision_2026_09_11_14_55_59_622000909,L19;L20,4;2,2026-09-11 14:55:59.622;2026-09-11 14:56:05.053,2026-09-11 14:56:18.983;2026-09-11 14:56:23.913,19.362;18.860,5.763;7.950,减速报警;减速报警,210;101,rtg_655_gantry_collision_2026_09_11_14_55_59_622000909/rtg_655_gantry_collision_right_2026_09_11_14_55_59_622000909_0.db3;rtg_655_gantry_collision_2026_09_11_14_55_59_622000909/rtg_655_gantry_collision_right_2026_09_11_14_55_59_622000909_0.db3
rtg_655_gantry_collision_2026_09_11_14_56_39_427678741,L19;L20,4;2,2026-09-11 14:56:39.427;2026-09-11 14:56:42.272,2026-09-11 14:56:42.573;2026-09-11 14:56:44.677,3.146;2.404,12.532;8.645,减速报警;减速报警,65;26,rtg_655_gantry_collision_2026_09_11_14_56_39_427678741/rtg_655_gantry_collision_right_2026_09_11_14_56_39_427678741_0.db3;rtg_655_gantry_collision_2026_09_11_14_56_39_427678741/rtg_655_gantry_collision_right_2026_09_11_14_56_39_427678741_0.db3
rtg_655_gantry_collision_2026_09_11_14_57_17_339864497,L19;L20,4;2,2026-09-11 14:57:17.339;2026-09-11 14:57:21.843,2026-09-11 14:57:39.810;2026-09-11 14:57:43.825,22.470;21.983,3.596;8.065,减速报警→停止报警;减速报警,198;90,rtg_655_gantry_collision_2026_09_11_14_57_17_339864497/rtg_655_gantry_collision_right_2026_09_11_14_57_17_339864497_0.db3;rtg_655_gantry_collision_2026_09_11_14_57_17_339864497/rtg_655_gantry_collision_right_2026_09_11_14_57_17_339864497_0.db3
rtg_655_gantry_collision_2026_09_11_14_58_49_527984337,L20,2,2026-09-11 14:58:49.527,2026-09-11 14:59:01.422,11.895,14.915,减速报警,108,rtg_655_gantry_collision_2026_09_11_14_58_49_527984337/rtg_655_gantry_collision_right_2026_09_11_14_58_49_527984337_0.db3
rtg_655_gantry_collision_2026_09_11_14_59_08_242644148,L20;L19,2;4,2026-09-11 14:59:08.242;2026-09-11 14:59:08.940,2026-09-11 14:59:17.319;2026-09-11 14:59:13.106,9.076;4.165,7.345;9.755,减速报警;减速报警,72;85,rtg_655_gantry_collision_2026_09_11_14_59_08_242644148/rtg_655_gantry_collision_right_2026_09_11_14_59_08_242644148_0.db3;rtg_655_gantry_collision_2026_09_11_14_59_08_242644148/rtg_655_gantry_collision_right_2026_09_11_14_59_08_242644148_0.db3
rtg_655_gantry_collision_2026_09_11_14_59_22_804982175,L19;L20,4;2,2026-09-11 14:59:22.804;2026-09-11 14:59:24.327,2026-09-11 14:59:58.782;2026-09-11 15:00:02.370,35.978;38.043,4.041;6.290,减速报警→停止报警;减速报警,351;310,rtg_655_gantry_collision_2026_09_11_14_59_22_804982175/rtg_655_gantry_collision_right_2026_09_11_14_59_22_804982175_0.db3;rtg_655_gantry_collision_2026_09_11_14_59_22_804982175/rtg_655_gantry_collision_right_2026_09_11_14_59_22_804982175_0.db3
rtg_655_gantry_collision_2026_09_11_15_00_21_836008552,L20;L19,2;4,2026-09-11 15:00:21.836;2026-09-11 15:00:28.559,2026-09-11 15:00:35.983;2026-09-11 15:00:32.780,14.148;4.221,7.565;7.208,减速报警;减速报警,81;82,rtg_655_gantry_collision_2026_09_11_15_00_21_836008552/rtg_655_gantry_collision_right_2026_09_11_15_00_21_836008552_0.db3;rtg_655_gantry_collision_2026_09_11_15_00_21_836008552/rtg_655_gantry_collision_right_2026_09_11_15_00_21_836008552_0.db3
rtg_655_gantry_collision_2026_09_11_15_00_45_329915101,L20;L19,2;4,2026-09-11 15:00:45.329;2026-09-11 15:00:48.072,2026-09-11 15:01:03.831;2026-09-11 15:01:01.008,18.501;12.936,8.364;8.491,减速报警;减速报警,142;150,rtg_655_gantry_collision_2026_09_11_15_00_45_329915101/rtg_655_gantry_collision_right_2026_09_11_15_00_45_329915101_0.db3;rtg_655_gantry_collision_2026_09_11_15_00_45_329915101/rtg_655_gantry_collision_right_2026_09_11_15_00_45_329915101_0.db3
rtg_655_gantry_collision_2026_09_11_15_01_16_535572877,L19;L20,4;2,2026-09-11 15:01:16.535;2026-09-11 15:01:21.731,2026-09-11 15:01:21.391;2026-09-11 15:01:26.122,4.856;4.391,3.328;11.872,减速报警→停止报警;减速报警,101;46,rtg_655_gantry_collision_2026_09_11_15_01_16_535572877/rtg_655_gantry_collision_right_2026_09_11_15_01_16_535572877_0.db3;rtg_655_gantry_collision_2026_09_11_15_01_16_535572877/rtg_655_gantry_collision_right_2026_09_11_15_01_16_535572877_0.db3
rtg_655_gantry_collision_2026_09_11_15_01_51_547781136,L20;L19,2;4,2026-09-11 15:01:51.547;2026-09-11 15:01:57.777,2026-09-11 15:02:24.676;2026-09-11 15:02:26.643,33.129;28.866,8.751;5.263,减速报警;减速报警→停止报警,194;301,rtg_655_gantry_collision_2026_09_11_15_01_51_547781136/rtg_655_gantry_collision_right_2026_09_11_15_01_51_547781136_0.db3;rtg_655_gantry_collision_2026_09_11_15_01_51_547781136/rtg_655_gantry_collision_right_2026_09_11_15_01_51_547781136_0.db3
rtg_655_gantry_collision_2026_09_11_15_03_38_225907826,L18,3,2026-09-11 15:03:38.225,2026-09-11 15:03:46.214,7.989,3.707,减速报警→停止报警,155,rtg_655_gantry_collision_2026_09_11_15_03_38_225907826/rtg_655_gantry_collision_left_2026_09_11_15_03_38_225907826_0.db3
rtg_655_gantry_collision_2026_09_11_15_03_43_874212756,L19;L20,4;2,2026-09-11 15:03:43.874;2026-09-11 15:03:48.420,2026-09-11 15:03:48.297;2026-09-11 15:03:52.064,4.424;3.644,5.453;8.618,减速报警→停止报警;减速报警,86;40,rtg_655_gantry_collision_2026_09_11_15_03_43_874212756/rtg_655_gantry_collision_right_2026_09_11_15_03_43_874212756_0.db3;rtg_655_gantry_collision_2026_09_11_15_03_43_874212756/rtg_655_gantry_collision_right_2026_09_11_15_03_43_874212756_0.db3
rtg_655_gantry_collision_2026_09_11_15_04_07_794861739,L20,2,2026-09-11 15:04:07.794,2026-09-11 15:04:08.670,0.876,15.971,减速报警,10,rtg_655_gantry_collision_2026_09_11_15_04_07_794861739/rtg_655_gantry_collision_right_2026_09_11_15_04_07_794861739_0.db3
rtg_655_gantry_collision_2026_09_11_15_04_24_641955746,L20,2,2026-09-11 15:04:24.641,2026-09-11 15:04:29.343,4.702,15.921,减速报警,49,rtg_655_gantry_collision_2026_09_11_15_04_24_641955746/rtg_655_gantry_collision_right_2026_09_11_15_04_24_641955746_0.db3
rtg_655_gantry_collision_2026_09_11_15_04_46_284131541,L19;L20,4;2,2026-09-11 15:04:46.284;2026-09-11 15:04:47.450,2026-09-11 15:05:14.361;2026-09-11 15:05:18.487,28.077;31.036,7.199;7.452,减速报警;减速报警,232;156,rtg_655_gantry_collision_2026_09_11_15_04_46_284131541/rtg_655_gantry_collision_right_2026_09_11_15_04_46_284131541_0.db3;rtg_655_gantry_collision_2026_09_11_15_04_46_284131541/rtg_655_gantry_collision_right_2026_09_11_15_04_46_284131541_0.db3
rtg_655_gantry_collision_2026_09_11_15_05_29_605418535,L20,2,2026-09-11 15:05:29.605,2026-09-11 15:05:33.571,3.967,15.553,减速报警,40,rtg_655_gantry_collision_2026_09_11_15_05_29_605418535/rtg_655_gantry_collision_right_2026_09_11_15_05_29_605418535_0.db3
rtg_655_gantry_collision_2026_09_11_15_05_42_846679715,L19;L20,4;2,2026-09-11 15:05:42.846;2026-09-11 15:05:46.514,2026-09-11 15:05:45.907;2026-09-11 15:05:55.583,3.061;9.069,7.994;7.778,减速报警;减速报警,59;58,rtg_655_gantry_collision_2026_09_11_15_05_42_846679715/rtg_655_gantry_collision_right_2026_09_11_15_05_42_846679715_0.db3;rtg_655_gantry_collision_2026_09_11_15_05_42_846679715/rtg_655_gantry_collision_right_2026_09_11_15_05_42_846679715_0.db3
rtg_655_gantry_collision_2026_09_11_15_06_04_037450425,L19;L20,4;2,2026-09-11 15:06:04.037;2026-09-11 15:06:06.550,2026-09-11 15:06:08.859;2026-09-11 15:06:20.728,4.822;14.178,6.094;7.961,减速报警;减速报警,96;149,rtg_655_gantry_collision_2026_09_11_15_06_04_037450425/rtg_655_gantry_collision_right_2026_09_11_15_06_04_037450425_0.db3;rtg_655_gantry_collision_2026_09_11_15_06_04_037450425/rtg_655_gantry_collision_right_2026_09_11_15_06_04_037450425_0.db3
rtg_655_gantry_collision_2026_09_11_15_06_39_606756506,L20;L19,2;4,2026-09-11 15:06:39.606;2026-09-11 15:06:44.229,2026-09-11 15:06:52.655;2026-09-11 15:06:48.375,13.049;4.145,7.370;9.039,减速报警;减速报警,138;84,rtg_655_gantry_collision_2026_09_11_15_06_39_606756506/rtg_655_gantry_collision_right_2026_09_11_15_06_39_606756506_0.db3;rtg_655_gantry_collision_2026_09_11_15_06_39_606756506/rtg_655_gantry_collision_right_2026_09_11_15_06_39_606756506_0.db3
rtg_655_gantry_collision_2026_09_11_15_07_12_192483595,L19;L20,4;2,2026-09-11 15:07:12.192;2026-09-11 15:07:16.687,2026-09-11 15:07:16.996;2026-09-11 15:07:20.907,4.804;4.219,3.038;8.815,减速报警→停止报警;减速报警,95;43,rtg_655_gantry_collision_2026_09_11_15_07_12_192483595/rtg_655_gantry_collision_right_2026_09_11_15_07_12_192483595_0.db3;rtg_655_gantry_collision_2026_09_11_15_07_12_192483595/rtg_655_gantry_collision_right_2026_09_11_15_07_12_192483595_0.db3
rtg_655_gantry_collision_2026_09_11_15_08_11_779176643,L20,2,2026-09-11 15:08:11.779,2026-09-11 15:08:21.008,9.229,15.502,减速报警,84,rtg_655_gantry_collision_2026_09_11_15_08_11_779176643/rtg_655_gantry_collision_right_2026_09_11_15_08_11_779176643_0.db3
rtg_655_gantry_collision_2026_09_11_15_08_26_661761095,L19;L20,4;2,2026-09-11 15:08:26.661;2026-09-11 15:08:30.971,2026-09-11 15:08:30.477;2026-09-11 15:08:34.473,3.815;3.501,9.037;7.672,减速报警;减速报警,77;37,rtg_655_gantry_collision_2026_09_11_15_08_26_661761095/rtg_655_gantry_collision_right_2026_09_11_15_08_26_661761095_0.db3;rtg_655_gantry_collision_2026_09_11_15_08_26_661761095/rtg_655_gantry_collision_right_2026_09_11_15_08_26_661761095_0.db3
rtg_655_gantry_collision_2026_09_11_15_08_53_302966863,L20;L19,2;4,2026-09-11 15:08:53.302;2026-09-11 15:08:54.872,2026-09-11 15:09:10.790;2026-09-11 15:09:14.190,17.488;19.318,10.199;7.382,减速报警;减速报警,103;240,rtg_655_gantry_collision_2026_09_11_15_08_53_302966863/rtg_655_gantry_collision_right_2026_09_11_15_08_53_302966863_0.db3;rtg_655_gantry_collision_2026_09_11_15_08_53_302966863/rtg_655_gantry_collision_right_2026_09_11_15_08_53_302966863_0.db3
rtg_655_gantry_collision_2026_09_11_15_14_18_409130023,L21,1,2026-09-11 15:14:18.409,2026-09-11 15:14:19.651,1.242,3.085,停止报警,12,rtg_655_gantry_collision_2026_09_11_15_14_18_409130023/rtg_655_gantry_collision_left_2026_09_11_15_14_18_409130023_0.db3
rtg_655_gantry_collision_2026_09_11_15_19_41_428029116,L18,3,2026-09-11 15:19:41.428,2026-09-11 15:19:42.286,0.858,0.201,停止报警,19,rtg_655_gantry_collision_2026_09_11_15_19_41_428029116/rtg_655_gantry_collision_left_2026_09_11_15_19_41_428029116_0.db3
rtg_655_gantry_collision_2026_09_11_15_22_02_297531234,L20,2,2026-09-11 15:22:02.297,2026-09-11 15:22:07.575,5.278,7.416,减速报警,39,rtg_655_gantry_collision_2026_09_11_15_22_02_297531234/rtg_655_gantry_collision_right_2026_09_11_15_22_02_297531234_0.db3
rtg_655_gantry_collision_2026_09_11_15_29_12_362627948,,,,,,,,,
rtg_655_gantry_collision_2026_09_11_15_29_28_215100830,L20;L19,2;4,2026-09-11 15:29:28.215;2026-09-11 15:29:34.907,2026-09-11 15:30:03.253;2026-09-11 15:30:03.897,35.039;28.990,7.877;2.481,减速报警;减速报警→停止报警,265;408,rtg_655_gantry_collision_2026_09_11_15_29_28_215100830/rtg_655_gantry_collision_right_2026_09_11_15_29_28_215100830_0.db3;rtg_655_gantry_collision_2026_09_11_15_29_28_215100830/rtg_655_gantry_collision_right_2026_09_11_15_29_28_215100830_0.db3
rtg_655_gantry_collision_2026_09_11_15_30_17_511165480,L20,2,2026-09-11 15:30:17.511,2026-09-11 15:30:43.673,26.162,15.082,减速报警,218,rtg_655_gantry_collision_2026_09_11_15_30_17_511165480/rtg_655_gantry_collision_right_2026_09_11_15_30_17_511165480_0.db3
rtg_655_gantry_collision_2026_09_11_15_31_10_510283144,L19;L20,4;2,2026-09-11 15:31:10.510;2026-09-11 15:31:15.394,2026-09-11 15:31:14.984;2026-09-11 15:31:23.149,4.475;7.755,3.863;8.822,减速报警→停止报警;减速报警,90;66,rtg_655_gantry_collision_2026_09_11_15_31_10_510283144/rtg_655_gantry_collision_right_2026_09_11_15_31_10_510283144_0.db3;rtg_655_gantry_collision_2026_09_11_15_31_10_510283144/rtg_655_gantry_collision_right_2026_09_11_15_31_10_510283144_0.db3
rtg_655_gantry_collision_2026_09_11_15_31_30_848877191,L19;L20,4;2,2026-09-11 15:31:30.848;2026-09-11 15:31:34.517,2026-09-11 15:31:32.779;2026-09-11 15:31:36.153,1.931;1.636,5.939;9.031,减速报警;减速报警,35;18,rtg_655_gantry_collision_2026_09_11_15_31_30_848877191/rtg_655_gantry_collision_right_2026_09_11_15_31_30_848877191_0.db3;rtg_655_gantry_collision_2026_09_11_15_31_30_848877191/rtg_655_gantry_collision_right_2026_09_11_15_31_30_848877191_0.db3
rtg_655_gantry_collision_2026_09_11_15_31_41_976445552,L19;L20,4;2,2026-09-11 15:31:41.976;2026-09-11 15:31:45.975,2026-09-11 15:31:46.993;2026-09-11 15:32:05.347,5.017;19.372,5.799;8.067,减速报警;减速报警,98;141,rtg_655_gantry_collision_2026_09_11_15_31_41_976445552/rtg_655_gantry_collision_right_2026_09_11_15_31_41_976445552_0.db3;rtg_655_gantry_collision_2026_09_11_15_31_41_976445552/rtg_655_gantry_collision_right_2026_09_11_15_31_41_976445552_0.db3
rtg_655_gantry_collision_2026_09_11_15_32_12_291375972,L20,2,2026-09-11 15:32:12.291,2026-09-11 15:32:16.977,4.686,14.540,减速报警,50,rtg_655_gantry_collision_2026_09_11_15_32_12_291375972/rtg_655_gantry_collision_right_2026_09_11_15_32_12_291375972_0.db3
rtg_655_gantry_collision_2026_09_11_15_32_25_742364425,L19;L20,4;2,2026-09-11 15:32:25.742;2026-09-11 15:32:30.951,2026-09-11 15:32:44.226;2026-09-11 15:32:50.997,18.484;20.045,6.845;6.120,减速报警;减速报警,254;192,rtg_655_gantry_collision_2026_09_11_15_32_25_742364425/rtg_655_gantry_collision_right_2026_09_11_15_32_25_742364425_0.db3;rtg_655_gantry_collision_2026_09_11_15_32_25_742364425/rtg_655_gantry_collision_right_2026_09_11_15_32_25_742364425_0.db3
rtg_655_gantry_collision_2026_09_11_15_32_57_211687435,L19;L20,4;2,2026-09-11 15:32:57.211;2026-09-11 15:33:01.193,2026-09-11 15:33:01.230;2026-09-11 15:33:05.314,4.018;4.120,8.258;6.493,减速报警;减速报警,82;45,rtg_655_gantry_collision_2026_09_11_15_32_57_211687435/rtg_655_gantry_collision_right_2026_09_11_15_32_57_211687435_0.db3;rtg_655_gantry_collision_2026_09_11_15_32_57_211687435/rtg_655_gantry_collision_right_2026_09_11_15_32_57_211687435_0.db3
rtg_655_gantry_collision_2026_09_11_15_33_13_523288199,L19;L20,4;2,2026-09-11 15:33:13.523;2026-09-11 15:33:19.354,2026-09-11 15:33:18.679;2026-09-11 15:33:26.935,5.156;7.581,5.429;9.945,减速报警→停止报警;减速报警,104;79,rtg_655_gantry_collision_2026_09_11_15_33_13_523288199/rtg_655_gantry_collision_right_2026_09_11_15_33_13_523288199_0.db3;rtg_655_gantry_collision_2026_09_11_15_33_13_523288199/rtg_655_gantry_collision_right_2026_09_11_15_33_13_523288199_0.db3
rtg_655_gantry_collision_2026_09_11_15_33_37_975650704,L19;L20,4;2,2026-09-11 15:33:37.975;2026-09-11 15:33:42.701,2026-09-11 15:33:52.132;2026-09-11 15:33:55.198,14.156;12.498,6.058;7.082,减速报警;减速报警,173;82,rtg_655_gantry_collision_2026_09_11_15_33_37_975650704/rtg_655_gantry_collision_right_2026_09_11_15_33_37_975650704_0.db3;rtg_655_gantry_collision_2026_09_11_15_33_37_975650704/rtg_655_gantry_collision_right_2026_09_11_15_33_37_975650704_0.db3
rtg_655_gantry_collision_2026_09_11_15_34_29_845756219,L19;L20,4;2,2026-09-11 15:34:29.845;2026-09-11 15:34:31.686,2026-09-11 15:34:54.837;2026-09-11 15:35:00.045,24.992;28.359,8.158;8.102,减速报警;减速报警,385;257,rtg_655_gantry_collision_2026_09_11_15_34_29_845756219/rtg_655_gantry_collision_right_2026_09_11_15_34_29_845756219_0.db3;rtg_655_gantry_collision_2026_09_11_15_34_29_845756219/rtg_655_gantry_collision_right_2026_09_11_15_34_29_845756219_0.db3
rtg_655_gantry_collision_2026_09_11_15_35_33_891176824,L20;L19,2;4,2026-09-11 15:35:33.891;2026-09-11 15:35:34.416,2026-09-11 15:35:41.925;2026-09-11 15:35:38.037,8.035;3.622,9.657;12.559,减速报警;减速报警,60;72,rtg_655_gantry_collision_2026_09_11_15_35_33_891176824/rtg_655_gantry_collision_right_2026_09_11_15_35_33_891176824_0.db3;rtg_655_gantry_collision_2026_09_11_15_35_33_891176824/rtg_655_gantry_collision_right_2026_09_11_15_35_33_891176824_0.db3
rtg_655_gantry_collision_2026_09_11_15_36_10_277639430,L20,2,2026-09-11 15:36:10.277,2026-09-11 15:36:14.054,3.777,15.147,减速报警,38,rtg_655_gantry_collision_2026_09_11_15_36_10_277639430/rtg_655_gantry_collision_right_2026_09_11_15_36_10_277639430_0.db3
rtg_655_gantry_collision_2026_09_11_15_36_27_284659156,L19;L20,4;2,2026-09-11 15:36:27.284;2026-09-11 15:36:33.034,2026-09-11 15:36:38.758;2026-09-11 15:36:42.322,11.474;9.288,6.998;8.039,减速报警;减速报警,175;85,rtg_655_gantry_collision_2026_09_11_15_36_27_284659156/rtg_655_gantry_collision_right_2026_09_11_15_36_27_284659156_0.db3;rtg_655_gantry_collision_2026_09_11_15_36_27_284659156/rtg_655_gantry_collision_right_2026_09_11_15_36_27_284659156_0.db3
rtg_655_gantry_collision_2026_09_11_15_37_09_272454292,L20;L19,2;4,2026-09-11 15:37:09.272;2026-09-11 15:37:14.811,2026-09-11 15:37:38.567;2026-09-11 15:37:34.573,29.295;19.762,6.391;4.712,减速报警;减速报警→停止报警,263;335,rtg_655_gantry_collision_2026_09_11_15_37_09_272454292/rtg_655_gantry_collision_right_2026_09_11_15_37_09_272454292_0.db3;rtg_655_gantry_collision_2026_09_11_15_37_09_272454292/rtg_655_gantry_collision_right_2026_09_11_15_37_09_272454292_0.db3
rtg_655_gantry_collision_2026_09_11_15_37_49_813756079,L20;L19,2;4,2026-09-11 15:37:49.813;2026-09-11 15:37:51.137,2026-09-11 15:38:49.930;2026-09-11 15:38:37.580,60.117;46.444,6.746;4.069,减速报警;减速报警→停止报警,456;871,rtg_655_gantry_collision_2026_09_11_15_37_49_813756079/rtg_655_gantry_collision_right_2026_09_11_15_37_49_813756079_0.db3;rtg_655_gantry_collision_2026_09_11_15_37_49_813756079/rtg_655_gantry_collision_right_2026_09_11_15_37_49_813756079_0.db3
rtg_655_gantry_collision_2026_09_11_15_50_37_933478512,L20,2,2026-09-11 15:50:37.933,2026-09-11 15:50:43.072,5.139,8.849,减速报警,23,rtg_655_gantry_collision_2026_09_11_15_50_37_933478512/rtg_655_gantry_collision_right_2026_09_11_15_50_37_933478512_0.db3
rtg_655_gantry_collision_2026_09_11_15_51_18_150734276,L20,2,2026-09-11 15:51:18.150,2026-09-11 15:51:18.437,0.287,10.844,减速报警,3,rtg_655_gantry_collision_2026_09_11_15_51_18_150734276/rtg_655_gantry_collision_right_2026_09_11_15_51_18_150734276_0.db3
rtg_655_gantry_collision_2026_09_11_15_51_25_826893961,L20,2,2026-09-11 15:51:25.826,2026-09-11 15:51:25.963,0.137,11.147,减速报警,2,rtg_655_gantry_collision_2026_09_11_15_51_25_826893961/rtg_655_gantry_collision_right_2026_09_11_15_51_25_826893961_0.db3
rtg_655_gantry_collision_2026_09_11_15_52_57_249961808,L20,2,2026-09-11 15:52:57.249,2026-09-11 15:52:57.249,0.000,11.196,减速报警,1,rtg_655_gantry_collision_2026_09_11_15_52_57_249961808/rtg_655_gantry_collision_right_2026_09_11_15_52_57_249961808_0.db3
rtg_655_gantry_collision_2026_09_11_16_00_27_396318913,L20,2,2026-09-11 16:00:27.396,2026-09-11 16:00:28.488,1.092,8.790,减速报警,12,rtg_655_gantry_collision_2026_09_11_16_00_27_396318913/rtg_655_gantry_collision_right_2026_09_11_16_00_27_396318913_0.db3
rtg_655_gantry_collision_2026_09_11_16_20_09_061923023,L18,3,2026-09-11 16:20:09.061,2026-09-11 16:20:10.399,1.338,3.022,停止报警,24,rtg_655_gantry_collision_2026_09_11_16_20_09_061923023/rtg_655_gantry_collision_left_2026_09_11_16_20_09_061923023_0.db3
rtg_655_gantry_collision_2026_09_11_16_24_19_508640018,L18,3,2026-09-11 16:24:19.508,2026-09-11 16:24:23.601,4.092,3.049,停止报警,80,rtg_655_gantry_collision_2026_09_11_16_24_19_508640018/rtg_655_gantry_collision_left_2026_09_11_16_24_19_508640018_0.db3
rtg_655_gantry_collision_2026_09_11_16_39_33_580246598,L20,2,2026-09-11 16:39:33.580,2026-09-11 16:39:33.759,0.179,11.311,减速报警,3,rtg_655_gantry_collision_2026_09_11_16_39_33_580246598/rtg_655_gantry_collision_right_2026_09_11_16_39_33_580246598_0.db3
rtg_655_gantry_collision_2026_09_11_18_02_05_878025474,L21,1,2026-09-11 18:02:05.878,2026-09-11 18:02:10.344,4.467,3.005,停止报警,38,rtg_655_gantry_collision_2026_09_11_18_02_05_878025474/rtg_655_gantry_collision_left_2026_09_11_18_02_05_878025474_0.db3
rtg_655_gantry_collision_2026_09_11_18_08_41_468030058,L20,2,2026-09-11 18:08:41.468,2026-09-11 18:08:41.950,0.483,10.369,减速报警,6,rtg_655_gantry_collision_2026_09_11_18_08_41_468030058/rtg_655_gantry_collision_right_2026_09_11_18_08_41_468030058_0.db3
rtg_655_gantry_collision_2026_09_11_18_09_24_088638771,L20,2,2026-09-11 18:09:24.088,2026-09-11 18:09:24.311,0.223,13.854,减速报警,2,rtg_655_gantry_collision_2026_09_11_18_09_24_088638771/rtg_655_gantry_collision_right_2026_09_11_18_09_24_088638771_0.db3
rtg_655_gantry_collision_2026_09_11_18_11_28_620627810,L18,3,2026-09-11 18:11:28.620,2026-09-11 18:11:30.071,1.451,3.020,停止报警,31,rtg_655_gantry_collision_2026_09_11_18_11_28_620627810/rtg_655_gantry_collision_left_2026_09_11_18_11_28_620627810_0.db3
rtg_655_gantry_collision_2026_09_11_18_54_12_213323041,L18,3,2026-09-11 18:54:12.213,2026-09-11 18:54:16.427,4.214,3.540,减速报警→停止报警,79,rtg_655_gantry_collision_2026_09_11_18_54_12_213323041/rtg_655_gantry_collision_left_2026_09_11_18_54_12_213323041_0.db3
rtg_655_gantry_collision_2026_09_11_19_06_02_944909060,L18,3,2026-09-11 19:06:02.944,2026-09-11 19:06:03.900,0.956,3.027,停止报警,20,rtg_655_gantry_collision_2026_09_11_19_06_02_944909060/rtg_655_gantry_collision_left_2026_09_11_19_06_02_944909060_0.db3
rtg_655_gantry_collision_2026_09_11_19_55_32_021038347,L18,3,2026-09-11 19:55:32.021,2026-09-11 19:55:39.452,7.432,12.535,减速报警,144,rtg_655_gantry_collision_2026_09_11_19_55_32_021038347/rtg_655_gantry_collision_left_2026_09_11_19_55_32_021038347_0.db3
rtg_655_gantry_collision_2026_09_11_19_55_52_342513550,L21,1,2026-09-11 19:55:52.342,2026-09-11 19:55:59.886,7.544,3.000,停止报警,28,rtg_655_gantry_collision_2026_09_11_19_55_52_342513550/rtg_655_gantry_collision_left_2026_09_11_19_55_52_342513550_0.db3
rtg_655_gantry_collision_2026_09_11_19_56_16_756794122,L18,3,2026-09-11 19:56:16.756,2026-09-11 19:56:17.076,0.320,0.873,停止报警,8,rtg_655_gantry_collision_2026_09_11_19_56_16_756794122/rtg_655_gantry_collision_left_2026_09_11_19_56_16_756794122_0.db3
rtg_655_gantry_collision_2026_09_11_20_03_26_676587737,L18,3,2026-09-11 20:03:26.676,2026-09-11 20:03:31.645,4.969,3.328,减速报警→停止报警,81,rtg_655_gantry_collision_2026_09_11_20_03_26_676587737/rtg_655_gantry_collision_left_2026_09_11_20_03_26_676587737_0.db3
rtg_655_gantry_collision_2026_09_11_20_11_28_401174987,L18,3,2026-09-11 20:11:28.401,2026-09-11 20:11:30.775,2.374,3.282,停止报警,45,rtg_655_gantry_collision_2026_09_11_20_11_28_401174987/rtg_655_gantry_collision_left_2026_09_11_20_11_28_401174987_0.db3
rtg_655_gantry_collision_2026_09_11_20_21_15_897236519,L20,2,2026-09-11 20:21:15.897,2026-09-11 20:21:20.046,4.149,10.839,减速报警,10,rtg_655_gantry_collision_2026_09_11_20_21_15_897236519/rtg_655_gantry_collision_right_2026_09_11_20_21_15_897236519_0.db3
rtg_655_gantry_collision_2026_09_11_20_21_43_677652286,,,,,,,,,
rtg_655_gantry_collision_2026_09_11_20_27_50_792386782,L21,1,2026-09-11 20:27:50.792,2026-09-11 20:27:51.960,1.168,3.014,停止报警,11,rtg_655_gantry_collision_2026_09_11_20_27_50_792386782/rtg_655_gantry_collision_left_2026_09_11_20_27_50_792386782_0.db3
rtg_655_gantry_collision_2026_09_11_20_29_06_144850212,L18,3,2026-09-11 20:29:06.144,2026-09-11 20:29:08.083,1.938,3.098,停止报警,41,rtg_655_gantry_collision_2026_09_11_20_29_06_144850212/rtg_655_gantry_collision_left_2026_09_11_20_29_06_144850212_0.db3
rtg_655_gantry_collision_2026_09_11_20_29_08_610366831,L19,4,2026-09-11 20:29:08.610,2026-09-11 20:29:10.136,1.526,3.722,停止报警,30,rtg_655_gantry_collision_2026_09_11_20_29_08_610366831/rtg_655_gantry_collision_right_2026_09_11_20_29_08_610366831_0.db3
rtg_655_gantry_collision_2026_09_11_20_35_20_243101537,L18,3,2026-09-11 20:35:20.243,2026-09-11 20:35:25.100,4.858,14.792,减速报警,96,rtg_655_gantry_collision_2026_09_11_20_35_20_243101537/rtg_655_gantry_collision_left_2026_09_11_20_35_20_243101537_0.db3
rtg_655_gantry_collision_2026_09_11_20_39_04_920235116,L18,3,2026-09-11 20:39:04.920,2026-09-11 20:39:05.413,0.493,0.918,停止报警,12,rtg_655_gantry_collision_2026_09_11_20_39_04_920235116/rtg_655_gantry_collision_left_2026_09_11_20_39_04_920235116_0.db3
rtg_655_gantry_collision_2026_09_11_20_55_13_963762701,L19,4,2026-09-11 20:55:13.963,2026-09-11 20:55:17.677,3.714,7.931,减速报警,70,rtg_655_gantry_collision_2026_09_11_20_55_13_963762701/rtg_655_gantry_collision_right_2026_09_11_20_55_13_963762701_0.db3
rtg_655_gantry_collision_2026_09_11_20_55_22_241307736,L18,3,2026-09-11 20:55:22.241,2026-09-11 20:55:30.674,8.433,1.666,减速报警→停止报警,163,rtg_655_gantry_collision_2026_09_11_20_55_22_241307736/rtg_655_gantry_collision_left_2026_09_11_20_55_22_241307736_0.db3
rtg_655_gantry_collision_2026_09_11_20_56_42_644488910,L18,3,2026-09-11 20:56:42.644,2026-09-11 20:56:53.049,10.405,10.102,减速报警,202,rtg_655_gantry_collision_2026_09_11_20_56_42_644488910/rtg_655_gantry_collision_left_2026_09_11_20_56_42_644488910_0.db3
rtg_655_gantry_collision_2026_09_11_21_14_42_602582583,L18,3,2026-09-11 21:14:42.602,2026-09-11 21:14:47.381,4.779,13.265,减速报警,95,rtg_655_gantry_collision_2026_09_11_21_14_42_602582583/rtg_655_gantry_collision_left_2026_09_11_21_14_42_602582583_0.db3
rtg_655_gantry_collision_2026_09_11_21_21_29_540370868,L21,1,2026-09-11 21:21:29.540,2026-09-11 21:21:35.053,5.514,3.094,停止报警,20,rtg_655_gantry_collision_2026_09_11_21_21_29_540370868/rtg_655_gantry_collision_left_2026_09_11_21_21_29_540370868_0.db3
rtg_655_gantry_collision_2026_09_11_21_22_04_266359769,L21,1,2026-09-11 21:22:04.266,2026-09-11 21:22:05.001,0.736,3.187,停止报警,9,rtg_655_gantry_collision_2026_09_11_21_22_04_266359769/rtg_655_gantry_collision_left_2026_09_11_21_22_04_266359769_0.db3
rtg_655_gantry_collision_2026_09_11_21_23_40_802149662,L19;L20,4;2,2026-09-11 21:23:40.802;2026-09-11 21:23:45.054,2026-09-11 21:23:44.787;2026-09-11 21:23:48.711,3.985;3.657,3.004;9.824,减速报警→停止报警;减速报警,76;40,rtg_655_gantry_collision_2026_09_11_21_23_40_802149662/rtg_655_gantry_collision_right_2026_09_11_21_23_40_802149662_0.db3;rtg_655_gantry_collision_2026_09_11_21_23_40_802149662/rtg_655_gantry_collision_right_2026_09_11_21_23_40_802149662_0.db3
rtg_655_gantry_collision_2026_09_11_21_24_32_360826938,L19;L20,4;2,2026-09-11 21:24:32.360;2026-09-11 21:24:36.324,2026-09-11 21:24:34.850;2026-09-11 21:24:39.351,2.489;3.027,14.113;7.998,减速报警;减速报警,46;31,rtg_655_gantry_collision_2026_09_11_21_24_32_360826938/rtg_655_gantry_collision_right_2026_09_11_21_24_32_360826938_0.db3;rtg_655_gantry_collision_2026_09_11_21_24_32_360826938/rtg_655_gantry_collision_right_2026_09_11_21_24_32_360826938_0.db3
rtg_655_gantry_collision_2026_09_11_21_24_45_620367732,L19;L20,4;2,2026-09-11 21:24:45.620;2026-09-11 21:24:50.198,2026-09-11 21:25:14.818;2026-09-11 21:25:19.689,29.198;29.491,2.747;7.122,减速报警→停止报警;减速报警,358;185,rtg_655_gantry_collision_2026_09_11_21_24_45_620367732/rtg_655_gantry_collision_right_2026_09_11_21_24_45_620367732_0.db3;rtg_655_gantry_collision_2026_09_11_21_24_45_620367732/rtg_655_gantry_collision_right_2026_09_11_21_24_45_620367732_0.db3
rtg_655_gantry_collision_2026_09_11_21_26_06_799936806,L19;L20,4;2,2026-09-11 21:26:06.799;2026-09-11 21:26:07.765,2026-09-11 21:26:25.418;2026-09-11 21:26:27.767,18.619;20.002,2.350;6.448,减速报警→停止报警;减速报警,214;175,rtg_655_gantry_collision_2026_09_11_21_26_06_799936806/rtg_655_gantry_collision_right_2026_09_11_21_26_06_799936806_0.db3;rtg_655_gantry_collision_2026_09_11_21_26_06_799936806/rtg_655_gantry_collision_right_2026_09_11_21_26_06_799936806_0.db3
rtg_655_gantry_collision_2026_09_11_21_26_44_953993108,L19;L20,4;2,2026-09-11 21:26:44.953;2026-09-11 21:26:50.347,2026-09-11 21:26:50.247;2026-09-11 21:26:56.082,5.294;5.736,6.311;6.719,减速报警;减速报警,104;56,rtg_655_gantry_collision_2026_09_11_21_26_44_953993108/rtg_655_gantry_collision_right_2026_09_11_21_26_44_953993108_0.db3;rtg_655_gantry_collision_2026_09_11_21_26_44_953993108/rtg_655_gantry_collision_right_2026_09_11_21_26_44_953993108_0.db3
rtg_655_gantry_collision_2026_09_11_21_27_27_897690626,L19;L20,4;2,2026-09-11 21:27:27.897;2026-09-11 21:27:32.904,2026-09-11 21:27:37.225;2026-09-11 21:27:39.950,9.328;7.046,6.721;6.578,减速报警;减速报警,174;71,rtg_655_gantry_collision_2026_09_11_21_27_27_897690626/rtg_655_gantry_collision_right_2026_09_11_21_27_27_897690626_0.db3;rtg_655_gantry_collision_2026_09_11_21_27_27_897690626/rtg_655_gantry_collision_right_2026_09_11_21_27_27_897690626_0.db3
rtg_655_gantry_collision_2026_09_11_21_28_01_389439567,L19;L20,4;2,2026-09-11 21:28:01.389;2026-09-11 21:28:05.079,2026-09-11 21:28:05.257;2026-09-11 21:28:09.228,3.868;4.149,9.649;8.163,减速报警;减速报警,73;42,rtg_655_gantry_collision_2026_09_11_21_28_01_389439567/rtg_655_gantry_collision_right_2026_09_11_21_28_01_389439567_0.db3;rtg_655_gantry_collision_2026_09_11_21_28_01_389439567/rtg_655_gantry_collision_right_2026_09_11_21_28_01_389439567_0.db3
rtg_655_gantry_collision_2026_09_11_21_28_43_832874417,L20;L19,2;4,2026-09-11 21:28:43.832;2026-09-11 21:28:58.569,2026-09-11 21:29:17.956;2026-09-11 21:29:15.801,34.124;17.232,6.339;7.165,减速报警;减速报警,211;242,rtg_655_gantry_collision_2026_09_11_21_28_43_832874417/rtg_655_gantry_collision_right_2026_09_11_21_28_43_832874417_0.db3;rtg_655_gantry_collision_2026_09_11_21_28_43_832874417/rtg_655_gantry_collision_right_2026_09_11_21_28_43_832874417_0.db3
rtg_655_gantry_collision_2026_09_11_21_29_34_926651669,L19;L20,4;2,2026-09-11 21:29:34.926;2026-09-11 21:29:39.540,2026-09-11 21:29:46.406;2026-09-11 21:29:51.373,11.480;11.833,9.296;6.234,减速报警;减速报警,178;90,rtg_655_gantry_collision_2026_09_11_21_29_34_926651669/rtg_655_gantry_collision_right_2026_09_11_21_29_34_926651669_0.db3;rtg_655_gantry_collision_2026_09_11_21_29_34_926651669/rtg_655_gantry_collision_right_2026_09_11_21_29_34_926651669_0.db3
rtg_655_gantry_collision_2026_09_11_21_29_49_160857156,L18,3,2026-09-11 21:29:49.160,2026-09-11 21:29:54.652,5.492,2.141,停止报警→减速报警,104,rtg_655_gantry_collision_2026_09_11_21_29_49_160857156/rtg_655_gantry_collision_left_2026_09_11_21_29_49_160857156_0.db3
rtg_655_gantry_collision_2026_09_11_21_29_57_770999663,L20,2,2026-09-11 21:29:57.770,2026-09-11 21:30:01.861,4.091,14.433,减速报警,45,rtg_655_gantry_collision_2026_09_11_21_29_57_770999663/rtg_655_gantry_collision_right_2026_09_11_21_29_57_770999663_0.db3
rtg_655_gantry_collision_2026_09_11_21_30_17_410615704,L19;L20,4;2,2026-09-11 21:30:17.410;2026-09-11 21:30:21.899,2026-09-11 21:30:21.505;2026-09-11 21:30:25.037,4.095;3.138,9.454;6.400,减速报警;减速报警,74;33,rtg_655_gantry_collision_2026_09_11_21_30_17_410615704/rtg_655_gantry_collision_right_2026_09_11_21_30_17_410615704_0.db3;rtg_655_gantry_collision_2026_09_11_21_30_17_410615704/rtg_655_gantry_collision_right_2026_09_11_21_30_17_410615704_0.db3
rtg_655_gantry_collision_2026_09_11_21_30_30_264077073,L19;L20,4;2,2026-09-11 21:30:30.264;2026-09-11 21:30:33.585,2026-09-11 21:30:33.428;2026-09-11 21:30:43.441,3.164;9.856,11.130;7.147,减速报警;减速报警,63;95,rtg_655_gantry_collision_2026_09_11_21_30_30_264077073/rtg_655_gantry_collision_right_2026_09_11_21_30_30_264077073_0.db3;rtg_655_gantry_collision_2026_09_11_21_30_30_264077073/rtg_655_gantry_collision_right_2026_09_11_21_30_30_264077073_0.db3
rtg_655_gantry_collision_2026_09_11_21_30_56_247258862,L20;L19,2;4,2026-09-11 21:30:56.247;2026-09-11 21:31:04.681,2026-09-11 21:31:31.578;2026-09-11 21:31:27.131,35.331;22.451,8.333;11.062,减速报警;减速报警,108;368,rtg_655_gantry_collision_2026_09_11_21_30_56_247258862/rtg_655_gantry_collision_right_2026_09_11_21_30_56_247258862_0.db3;rtg_655_gantry_collision_2026_09_11_21_30_56_247258862/rtg_655_gantry_collision_right_2026_09_11_21_30_56_247258862_0.db3
rtg_655_gantry_collision_2026_09_11_21_31_50_011201803,L19;L20,4;2,2026-09-11 21:31:50.011;2026-09-11 21:31:55.502,2026-09-11 21:31:55.133;2026-09-11 21:31:59.736,5.122;4.235,10.549;8.731,减速报警;减速报警,99;46,rtg_655_gantry_collision_2026_09_11_21_31_50_011201803/rtg_655_gantry_collision_right_2026_09_11_21_31_50_011201803_0.db3;rtg_655_gantry_collision_2026_09_11_21_31_50_011201803/rtg_655_gantry_collision_right_2026_09_11_21_31_50_011201803_0.db3
rtg_655_gantry_collision_2026_09_11_21_34_35_388466958,L20,2,2026-09-11 21:34:35.388,2026-09-11 21:34:40.956,5.568,10.384,减速报警,20,rtg_655_gantry_collision_2026_09_11_21_34_35_388466958/rtg_655_gantry_collision_right_2026_09_11_21_34_35_388466958_0.db3
rtg_655_gantry_collision_2026_09_11_21_34_48_586079598,L20,2,2026-09-11 21:34:48.586,2026-09-11 21:34:48.681,0.096,11.306,减速报警,2,rtg_655_gantry_collision_2026_09_11_21_34_48_586079598/rtg_655_gantry_collision_right_2026_09_11_21_34_48_586079598_0.db3
rtg_655_gantry_collision_2026_09_11_21_42_05_233698137,L19,4,2026-09-11 21:42:05.233,2026-09-11 21:42:06.524,1.290,14.419,减速报警,28,rtg_655_gantry_collision_2026_09_11_21_42_05_233698137/rtg_655_gantry_collision_right_2026_09_11_21_42_05_233698137_0.db3
rtg_655_gantry_collision_2026_09_11_21_52_26_463011023,L18,3,2026-09-11 21:52:26.463,2026-09-11 21:52:27.411,0.949,3.927,停止报警,19,rtg_655_gantry_collision_2026_09_11_21_52_26_463011023/rtg_655_gantry_collision_left_2026_09_11_21_52_26_463011023_0.db3
rtg_655_gantry_collision_2026_09_11_22_07_36_712810322,,,,,,,,,
rtg_655_gantry_collision_2026_09_11_22_38_34_508966291,L19;L20,4;2,2026-09-11 22:38:34.508;2026-09-11 22:38:42.657,2026-09-11 22:39:21.682;2026-09-11 22:39:31.528,47.174;48.871,5.770;5.217,减速报警;减速报警→停止报警,719;425,rtg_655_gantry_collision_2026_09_11_22_38_34_508966291/rtg_655_gantry_collision_right_2026_09_11_22_38_34_508966291_0.db3;rtg_655_gantry_collision_2026_09_11_22_38_34_508966291/rtg_655_gantry_collision_right_2026_09_11_22_38_34_508966291_0.db3
rtg_655_gantry_collision_2026_09_11_22_39_45_871371013,L20,2,2026-09-11 22:39:45.871,2026-09-11 22:39:51.772,5.902,14.432,减速报警,63,rtg_655_gantry_collision_2026_09_11_22_39_45_871371013/rtg_655_gantry_collision_right_2026_09_11_22_39_45_871371013_0.db3
rtg_655_gantry_collision_2026_09_11_22_40_33_603633754,L20,2,2026-09-11 22:40:33.603,2026-09-11 22:40:36.902,3.299,8.658,减速报警,38,rtg_655_gantry_collision_2026_09_11_22_40_33_603633754/rtg_655_gantry_collision_right_2026_09_11_22_40_33_603633754_0.db3
rtg_655_gantry_collision_2026_09_11_22_40_55_655307855,L20;L19,2;4,2026-09-11 22:40:55.655;2026-09-11 22:41:03.456,2026-09-11 22:41:10.881;2026-09-11 22:41:07.352,15.227;3.897,6.374;7.620,减速报警;减速报警,81;72,rtg_655_gantry_collision_2026_09_11_22_40_55_655307855/rtg_655_gantry_collision_right_2026_09_11_22_40_55_655307855_0.db3;rtg_655_gantry_collision_2026_09_11_22_40_55_655307855/rtg_655_gantry_collision_right_2026_09_11_22_40_55_655307855_0.db3
rtg_655_gantry_collision_2026_09_11_22_41_45_077830525,L20;L19,2;4,2026-09-11 22:41:45.077;2026-09-11 22:41:51.066,2026-09-11 22:41:49.085;2026-09-11 22:41:57.369,4.008;6.303,15.455;12.784,减速报警;减速报警,41;125,rtg_655_gantry_collision_2026_09_11_22_41_45_077830525/rtg_655_gantry_collision_right_2026_09_11_22_41_45_077830525_0.db3;rtg_655_gantry_collision_2026_09_11_22_41_45_077830525/rtg_655_gantry_collision_right_2026_09_11_22_41_45_077830525_0.db3
rtg_655_gantry_collision_2026_09_11_22_43_11_771378444,L20,2,2026-09-11 22:43:11.771,2026-09-11 22:43:13.099,1.328,15.743,减速报警,14,rtg_655_gantry_collision_2026_09_11_22_43_11_771378444/rtg_655_gantry_collision_right_2026_09_11_22_43_11_771378444_0.db3
rtg_655_gantry_collision_2026_09_11_22_43_18_783073485,L19;L20,4;2,2026-09-11 22:43:18.783;2026-09-11 22:43:24.630,2026-09-11 22:43:24.397;2026-09-11 22:43:29.064,5.614;4.435,4.244;8.781,减速报警→停止报警;减速报警,107;45,rtg_655_gantry_collision_2026_09_11_22_43_18_783073485/rtg_655_gantry_collision_right_2026_09_11_22_43_18_783073485_0.db3;rtg_655_gantry_collision_2026_09_11_22_43_18_783073485/rtg_655_gantry_collision_right_2026_09_11_22_43_18_783073485_0.db3
rtg_655_gantry_collision_2026_09_11_22_44_24_655512616,L19;L20,4;2,2026-09-11 22:44:24.655;2026-09-11 22:44:29.509,2026-09-11 22:44:29.282;2026-09-11 22:44:34.655,4.627;5.146,6.405;11.042,减速报警;减速报警,94;53,rtg_655_gantry_collision_2026_09_11_22_44_24_655512616/rtg_655_gantry_collision_right_2026_09_11_22_44_24_655512616_0.db3;rtg_655_gantry_collision_2026_09_11_22_44_24_655512616/rtg_655_gantry_collision_right_2026_09_11_22_44_24_655512616_0.db3
rtg_655_gantry_collision_2026_09_11_22_44_47_492419605,L20;L19,2;4,2026-09-11 22:44:47.492;2026-09-11 22:45:05.486,2026-09-11 22:45:30.222;2026-09-11 22:45:25.697,42.730;20.211,7.683;9.899,减速报警;减速报警,171;311,rtg_655_gantry_collision_2026_09_11_22_44_47_492419605/rtg_655_gantry_collision_right_2026_09_11_22_44_47_492419605_0.db3;rtg_655_gantry_collision_2026_09_11_22_44_47_492419605/rtg_655_gantry_collision_right_2026_09_11_22_44_47_492419605_0.db3
rtg_655_gantry_collision_2026_09_11_22_46_31_612881257,L19;L20,4;2,2026-09-11 22:46:31.612;2026-09-11 22:46:34.893,2026-09-11 22:46:33.349;2026-09-11 22:46:36.114,1.736;1.221,6.331;8.112,减速报警;减速报警,36;14,rtg_655_gantry_collision_2026_09_11_22_46_31_612881257/rtg_655_gantry_collision_right_2026_09_11_22_46_31_612881257_0.db3;rtg_655_gantry_collision_2026_09_11_22_46_31_612881257/rtg_655_gantry_collision_right_2026_09_11_22_46_31_612881257_0.db3
rtg_655_gantry_collision_2026_09_11_22_46_48_436837732,L19;L20,4;2,2026-09-11 22:46:48.436;2026-09-11 22:46:51.884,2026-09-11 22:46:50.001;2026-09-11 22:46:53.491,1.565;1.607,3.753;8.674,停止报警;减速报警,32;16,rtg_655_gantry_collision_2026_09_11_22_46_48_436837732/rtg_655_gantry_collision_right_2026_09_11_22_46_48_436837732_0.db3;rtg_655_gantry_collision_2026_09_11_22_46_48_436837732/rtg_655_gantry_collision_right_2026_09_11_22_46_48_436837732_0.db3
rtg_655_gantry_collision_2026_09_11_22_47_52_423463698,L19;L20,4;2,2026-09-11 22:47:52.423;2026-09-11 22:47:56.997,2026-09-11 22:47:59.051;2026-09-11 22:48:01.132,6.628;4.135,6.274;6.523,减速报警;减速报警,131;41,rtg_655_gantry_collision_2026_09_11_22_47_52_423463698/rtg_655_gantry_collision_right_2026_09_11_22_47_52_423463698_0.db3;rtg_655_gantry_collision_2026_09_11_22_47_52_423463698/rtg_655_gantry_collision_right_2026_09_11_22_47_52_423463698_0.db3
rtg_655_gantry_collision_2026_09_11_22_48_56_124900494,L19;L20,4;2,2026-09-11 22:48:56.124;2026-09-11 22:49:00.798,2026-09-11 22:49:11.744;2026-09-11 22:49:17.255,15.620;16.456,7.031;7.404,减速报警;减速报警,214;90,rtg_655_gantry_collision_2026_09_11_22_48_56_124900494/rtg_655_gantry_collision_right_2026_09_11_22_48_56_124900494_0.db3;rtg_655_gantry_collision_2026_09_11_22_48_56_124900494/rtg_655_gantry_collision_right_2026_09_11_22_48_56_124900494_0.db3
rtg_655_gantry_collision_2026_09_11_22_50_24_320299812,L19;L20,4;2,2026-09-11 22:50:24.320;2026-09-11 22:50:28.345,2026-09-11 22:50:28.469;2026-09-11 22:50:32.174,4.150;3.829,10.102;6.821,减速报警;减速报警,87;43,rtg_655_gantry_collision_2026_09_11_22_50_24_320299812/rtg_655_gantry_collision_right_2026_09_11_22_50_24_320299812_0.db3;rtg_655_gantry_collision_2026_09_11_22_50_24_320299812/rtg_655_gantry_collision_right_2026_09_11_22_50_24_320299812_0.db3
rtg_655_gantry_collision_2026_09_11_22_50_46_055047116,L19,4,2026-09-11 22:50:46.055,2026-09-11 22:50:49.163,3.109,15.429,减速报警,66,rtg_655_gantry_collision_2026_09_11_22_50_46_055047116/rtg_655_gantry_collision_right_2026_09_11_22_50_46_055047116_0.db3
rtg_655_gantry_collision_2026_09_11_22_51_42_986747827,L19;L20,4;2,2026-09-11 22:51:42.986;2026-09-11 22:51:43.628,2026-09-11 22:52:14.253;2026-09-11 22:52:07.479,31.266;23.851,11.477;8.275,减速报警;减速报警,84;165,rtg_655_gantry_collision_2026_09_11_22_51_42_986747827/rtg_655_gantry_collision_right_2026_09_11_22_51_42_986747827_0.db3;rtg_655_gantry_collision_2026_09_11_22_51_42_986747827/rtg_655_gantry_collision_right_2026_09_11_22_51_42_986747827_0.db3
rtg_655_gantry_collision_2026_09_11_22_52_24_038140816,L19;L20,4;2,2026-09-11 22:52:24.038;2026-09-11 22:52:27.300,2026-09-11 22:52:26.564;2026-09-11 22:52:30.257,2.526;2.957,9.995;5.769,减速报警;减速报警,52;33,rtg_655_gantry_collision_2026_09_11_22_52_24_038140816/rtg_655_gantry_collision_right_2026_09_11_22_52_24_038140816_0.db3;rtg_655_gantry_collision_2026_09_11_22_52_24_038140816/rtg_655_gantry_collision_right_2026_09_11_22_52_24_038140816_0.db3
