第一层数据集文件夹,报警雷达,注释,区域,报警时间（北京时间）,结束时间（北京时间）,持续时长（秒）,报警级别,报警消息数,图,现场,描述,报警最小距离（米）,报警最小距离（米）,,,,,,
rtg_655_gantry_collision_2026_09_11_02_03_58_348293523,L20,误报,2,03:58.3,03:59.1,0.781,减速报警,9,,,水,8.632,8.632,,,,,,
rtg_655_gantry_collision_2026_09_11_02_45_24_284644914,L18,误报,3,45:24.3,45:24.6,0.313,停止报警,6,,,,0.946,,,,,,,
rtg_655_gantry_collision_2026_09_11_03_33_15_258123264,L21,误报,1,33:15.3,33:15.9,0.691,减速报警,8,,,地面坑洼，水,12.378,,,,,,,
rtg_655_gantry_collision_2026_09_11_03_34_45_462238969,L21,误报,1,34:45.5,34:46.2,0.721,减速报警,8,,,地面坑洼，水,12.335,12.335,,,,,,
rtg_655_gantry_collision_2026_09_11_03_35_03_562230378,L21,误报,1,35:03.6,35:04.4,0.839,减速报警,9,,,地面坑洼，水,12.401,12.366,,,,,,
rtg_655_gantry_collision_2026_09_11_03_35_53_754344671,L21,误报,1,35:53.8,35:54.4,0.685,减速报警,7,,,地面坑洼，水,12.411,12.348,,,,,,
rtg_655_gantry_collision_2026_09_11_03_37_13_962950256,L18,误报,3,37:14.0,37:14.2,0.246,停止报警,6,,,,0.931,12.347,,,,,,
rtg_655_gantry_collision_2026_09_11_03_37_39_044718870,L21,误报,1,37:39.0,37:39.5,0.484,减速报警,7,,,地面坑洼，水,12.4,12.352,,,,,,
rtg_655_gantry_collision_2026_09_11_03_38_37_414847043,L21,误报,1,38:37.4,38:38.2,0.781,减速报警,9,,,地面坑洼，水,12.385,12.383,,,,,,
rtg_655_gantry_collision_2026_09_11_03_41_09_848927966,L21,误报,1,41:09.8,41:10.5,0.624,减速报警,7,,,地面坑洼，水,12.357,12.357,,,,,,
rtg_655_gantry_collision_2026_09_11_03_41_25_013002966,L21,误报,1,41:25.0,41:25.9,0.919,减速报警,10,,,地面坑洼，水,12.417,12.367,,,,,,
rtg_655_gantry_collision_2026_09_11_03_41_48_843382248,L21,误报,1,41:48.8,41:49.4,0.588,减速报警,7,,,地面坑洼，水,12.363,12.363,,,,,,
rtg_655_gantry_collision_2026_09_11_03_42_59_993935102,L21,误报,1,43:00.0,43:00.5,0.497,减速报警,7,,,地面坑洼，水,12.374,12.343,,,,,,
rtg_655_gantry_collision_2026_09_11_03_43_33_900112190,L21,误报,1,43:33.9,43:34.6,0.746,减速报警,9,,,地面坑洼，水,12.388,12.381,,,,,,
rtg_655_gantry_collision_2026_09_11_05_25_52_619649162,L20,误报,2,25:52.6,25:53.7,1.114,减速报警,11,,,水,5.976,5.976,,,,,,
rtg_655_gantry_collision_2026_09_11_05_44_53_638983565,L18,误报,3,44:53.6,44:56.1,2.501,减速报警→停止报警,49,,,飞溅水,3.096,2.443,,,,,,
rtg_655_gantry_collision_2026_09_11_06_31_34_911936971,L18,误报,3,31:34.9,31:35.8,0.867,停止报警,16,,,水/灰/反光,3.795,3.795,,,,,,
rtg_655_gantry_collision_2026_09_11_06_34_27_013554265,L18,误报,3,34:27.0,34:30.3,3.323,停止报警,45,,,水/灰,3.104,2.417,,,,,,
rtg_655_gantry_collision_2026_09_11_07_11_45_208660521,L18,误报,3,11:45.2,11:46.3,1.043,停止报警,21,,,水/灰,3.044,2.621,,,,,,
rtg_655_gantry_collision_2026_09_11_07_23_52_962230113,L18,误报,3,23:53.0,23:53.8,0.867,停止报警,15,,,反光,0.96,,,,,,,
rtg_655_gantry_collision_2026_09_11_07_25_23_474525230,L18,误报,3,25:23.5,25:24.5,1.032,停止报警,19,,,,3.77,3.77,,,,,,
rtg_655_gantry_collision_2026_09_11_07_46_57_653392607,L18,误报,3,46:57.7,46:58.9,1.285,停止报警,24,,,水/灰,3.089,3.089,,,,,,
rtg_655_gantry_collision_2026_09_11_08_00_47_114871586,L18,误报,3,00:47.1,00:48.7,1.627,停止报警,33,,,水/灰,3.451,3.4,,,,,,
rtg_655_gantry_collision_2026_09_11_08_30_39_747353464,L19,误报,4,30:39.7,30:40.8,1.056,停止报警,21,,,水/灰,4.185,4.185,,,,,,
rtg_655_gantry_collision_2026_09_11_08_37_38_251966802,L18,误报,3,37:38.3,37:40.4,2.15,停止报警,44,,,水/灰,3.014,2.48,,,,,,
rtg_655_gantry_collision_2026_09_11_08_45_25_823864751,L19,误报,4,45:25.8,45:26.8,0.992,停止报警,19,,,水/灰,4.192,2.472,,,,,,
rtg_655_gantry_collision_2026_09_11_08_53_14_257608219,L21,误报,1,53:14.3,53:15.3,1.058,停止报警,11,,,垃圾,2.679,2.443,,,,,,
rtg_655_gantry_collision_2026_09_11_08_58_25_934898789,L18,误报,3,58:25.9,58:28.0,2.113,减速报警→停止报警,44,,,水/灰,3.133,3.007;3.043,,,,,,
rtg_655_gantry_collision_2026_09_11_08_58_29_951277554,L19,误报,4,58:30.0,58:31.8,1.841,停止报警,38,,,水/灰,3.264,3.043,,,,,,
rtg_655_gantry_collision_2026_09_11_09_00_50_325595222,L21,误报,1,00:50.3,00:51.2,0.897,停止报警,10,,,垃圾,5.309,4.55,,,,,,
rtg_655_gantry_collision_2026_09_11_09_10_46_469997923,L18,误报,3,10:46.5,10:47.6,1.119,停止报警,25,,,水/灰/反光,3.032,3.155,,,,,,
rtg_655_gantry_collision_2026_09_11_09_12_23_326112737,L19,误报,4,12:23.3,12:24.3,0.975,停止报警,23,,,水/灰,3.758,3.485,,,,,,
rtg_655_gantry_collision_2026_09_11_09_16_10_812616462,L19,误报,4,16:10.8,16:12.5,1.645,停止报警,34,,,水/灰,3.022,2.607,,,,,,
rtg_655_gantry_collision_2026_09_11_09_43_30_027934938,L18,误报,3,43:30.0,43:31.0,0.967,停止报警,23,,,水/灰,4.575,2.446,,,,,,
rtg_655_gantry_collision_2026_09_11_09_44_18_368129948,L19,误报,4,44:18.4,44:19.1,0.7,停止报警,17,,,水/灰,3.707,3.707,,,,,,
rtg_655_gantry_collision_2026_09_11_09_44_30_315785984,L18,误报,3,44:30.3,44:31.2,0.92,停止报警,20,,,水/灰,3.008,2.188,,,,,,
rtg_655_gantry_collision_2026_09_11_09_50_46_249490172,L21,误报,1,50:46.2,50:47.0,0.79,减速报警,10,,,垃圾,7.132,6.881,,,,,,
rtg_655_gantry_collision_2026_09_11_09_51_26_276329651,L18,误报,3,51:26.3,51:28.4,2.16,停止报警→减速报警,45,,,水/灰,3,2.507;2.709,,,,,,
rtg_655_gantry_collision_2026_09_11_09_51_29_007829466,L19,误报,4,51:29.0,51:30.5,1.525,停止报警,30,,,水/灰,3.105,2.709,,,,,,
rtg_655_gantry_collision_2026_09_11_13_09_36_976029029,L20;L19,误报,2;4,2026-09-11 13:09:36.976;2026-09-11 13:10:15.177,2026-09-11 13:11:07.798;2026-09-11 13:10:16.164,90.822;0.987,停止报警→减速报警;停止报警,939;20,,,水/边缘,4.336;4.565,4.351;2.404;4.525,,,,,,
rtg_655_gantry_collision_2026_09_11_13_10_13_080098998,L18,误报,3,10:13.1,10:15.0,1.931,停止报警,39,,,,3.082,4.440;2.404;4.525,,,,,,
rtg_655_gantry_collision_2026_09_11_13_13_19_874265575,L21,误报,1,13:19.9,13:21.4,1.557,停止报警,17,,,,3.009,2.138;12.427,,,,,,
rtg_655_gantry_collision_2026_09_11_13_13_21_984454578,L20,误报,2,13:22.0,13:31.5,9.485,减速报警,35,,,,8.898,2.280;8.898,,,,,,
rtg_655_gantry_collision_2026_09_11_13_18_23_947270297,L20,误报,2,18:23.9,18:25.0,1.061,减速报警,10,,,,7.998,8.786,,,,,,
rtg_655_gantry_collision_2026_09_11_13_18_38_054774608,L20,误报,2,18:38.1,18:39.0,0.91,减速报警,10,,,,8.897,7.984;8.405,,,,,,
rtg_655_gantry_collision_2026_09_11_13_18_57_801757699,L20,误报,2,18:57.8,18:59.6,1.779,减速报警,16,,,,8.339,7.600;7.217,,,,,,
rtg_655_gantry_collision_2026_09_11_13_19_06_982684408,L20,,2,19:07.0,20:00.0,53.03,减速报警→停止报警,509,,,垃圾,3.124,3.261,,,,,,
rtg_655_gantry_collision_2026_09_11_13_20_49_889765029,L19,误报,4,20:49.9,20:50.9,1.056,停止报警,22,,,,3.899,3.899,,,,,,
rtg_655_gantry_collision_2026_09_11_13_22_12_646043569,L18,误报,3,22:12.6,22:13.7,1.069,停止报警,20,,,,3.076,3.109,,,,,,
rtg_655_gantry_collision_2026_09_11_13_30_13_048191828,L20,误报,2,30:13.0,30:19.0,5.966,减速报警,28,,,,8.829,8.366,,,,,,
rtg_655_gantry_collision_2026_09_11_13_44_33_086433345,L18,误报,3,44:33.1,44:34.2,1.115,停止报警,25,,,,3.047,2.943;3.603,,,,,,
rtg_655_gantry_collision_2026_09_11_13_44_33_858431467,L19,误报,4,44:33.9,44:34.8,0.923,停止报警,20,,,,3.603,2.943;3.603,,,,,,
rtg_655_gantry_collision_2026_09_11_13_48_17_000737314,L20,误报,2,48:17.0,48:17.5,0.456,减速报警,6,,,,13.64,13.63,,,,,,
rtg_655_gantry_collision_2026_09_11_13_50_45_994808968,L18,误报,3,50:46.0,50:46.4,0.393,停止报警,9,,,,0.88,,,,,,,
rtg_655_gantry_collision_2026_09_11_14_01_40_568110681,L20,误报,2,01:40.6,01:48.9,8.327,减速报警,51,,,,7.503,5.942;2.097,,,,,,
rtg_655_gantry_collision_2026_09_11_14_02_16_171419351,L20,误报,2,02:16.2,02:17.1,0.885,减速报警,9,,,,9.296,8.162,,,,,,
rtg_655_gantry_collision_2026_09_11_14_14_24_435501384,L19,误报,4,14:24.4,14:25.3,0.892,停止报警,17,,,,3.903,3.903,,,,,,
rtg_655_gantry_collision_2026_09_11_14_33_50_569748922,L20,误报,2,33:50.6,33:53.2,2.611,减速报警,28,,,,7.175,6.361,,,,,,
rtg_655_gantry_collision_2026_09_11_14_47_57_948204532,L18,误报,3,47:57.9,47:58.6,0.636,停止报警,12,,,,0.893,,,,,,,
rtg_655_gantry_collision_2026_09_11_14_49_05_443995526,L18,,3,49:05.4,49:06.0,0.517,停止报警,10,,,,0.879,,,,,,,
rtg_655_gantry_collision_2026_09_11_15_03_38_225907826,L18,,3,03:38.2,03:46.2,7.989,减速报警→停止报警,155,,,,3.707,3.967;5.453;8.618,,,,,,
rtg_655_gantry_collision_2026_09_11_15_14_18_409130023,L21,误报,1,14:18.4,14:19.7,1.242,停止报警,12,,,,3.085,3.085,,,,,,
rtg_655_gantry_collision_2026_09_11_15_19_41_428029116,L18,误报,3,19:41.4,19:42.3,0.858,停止报警,19,,,,0.201,,,,,,,
rtg_655_gantry_collision_2026_09_11_15_22_02_297531234,L20,误报,2,22:02.3,22:07.6,5.278,减速报警,39,,,,7.416,7.348,,,,,,
rtg_655_gantry_collision_2026_09_11_15_50_37_933478512,L20,误报,2,50:37.9,50:43.1,5.139,减速报警,23,,,,8.849,8.849,,,,,,
rtg_655_gantry_collision_2026_09_11_15_51_18_150734276,L20,误报,2,51:18.2,51:18.4,0.287,减速报警,3,,,,10.844,,,,,,,
rtg_655_gantry_collision_2026_09_11_15_51_25_826893961,L20,误报,2,51:25.8,51:26.0,0.137,减速报警,2,,,,11.147,,,,,,,
rtg_655_gantry_collision_2026_09_11_15_52_57_249961808,L20,误报,2,52:57.2,52:57.2,0,减速报警,1,,,,11.196,,,,,,,
rtg_655_gantry_collision_2026_09_11_16_00_27_396318913,L20,误报,2,00:27.4,00:28.5,1.092,减速报警,12,,,,8.79,8.79,,,,,,
rtg_655_gantry_collision_2026_09_11_16_20_09_061923023,L18,误报,3,20:09.1,20:10.4,1.338,停止报警,24,,,,3.022,,,,,,,
rtg_655_gantry_collision_2026_09_11_16_24_19_508640018,L18,误报,3,24:19.5,24:23.6,4.092,停止报警,80,,,,3.049,2.743,,,,,,
rtg_655_gantry_collision_2026_09_11_16_39_33_580246598,L20,误报,2,39:33.6,39:33.8,0.179,减速报警,3,,,,11.311,,,,,,,
rtg_655_gantry_collision_2026_09_11_18_02_05_878025474,L21,误报,1,02:05.9,02:10.3,4.467,停止报警,38,,,,3.005,2.825,,,,,,
rtg_655_gantry_collision_2026_09_11_18_08_41_468030058,L20,误报,2,08:41.5,08:41.9,0.483,减速报警,6,,,,10.369,9.66,,,,,,
rtg_655_gantry_collision_2026_09_11_18_09_24_088638771,L20,误报,2,09:24.1,09:24.3,0.223,减速报警,2,,,,13.854,,,,,,,
rtg_655_gantry_collision_2026_09_11_18_11_28_620627810,L18,误报,3,11:28.6,11:30.1,1.451,停止报警,31,,,,3.02,2.407,,,,,,
rtg_655_gantry_collision_2026_09_11_19_06_02_944909060,L18,误报,3,06:02.9,06:03.9,0.956,停止报警,20,,,,3.027,2.21,,,,,,
rtg_655_gantry_collision_2026_09_11_19_55_52_342513550,L21,误报,1,55:52.3,55:59.9,7.544,停止报警,28,,,,3,2.323,,,,,,
rtg_655_gantry_collision_2026_09_11_19_56_16_756794122,L18,误报,3,56:16.8,56:17.1,0.32,停止报警,8,,,,0.873,,,,,,,
rtg_655_gantry_collision_2026_09_11_20_11_28_401174987,L18,误报,3,11:28.4,11:30.8,2.374,停止报警,45,,,,3.282,2.445,,,,,,
rtg_655_gantry_collision_2026_09_11_20_21_15_897236519,L20,误报,2,21:15.9,21:20.0,4.149,减速报警,10,,,,10.839,8.838,,,,,,
rtg_655_gantry_collision_2026_09_11_20_21_43_677652286,L18，L19,误报,,,,,,,,,,,,,,,,,
rtg_655_gantry_collision_2026_09_11_20_27_50_792386782,L21,误报,1,27:50.8,27:52.0,1.168,停止报警,11,,,,3.014,2.409,,,,,,
rtg_655_gantry_collision_2026_09_11_20_29_06_144850212,L18,误报,3,29:06.1,29:08.1,1.938,停止报警,41,,,,3.098,2.382;3.329,,,,,,
rtg_655_gantry_collision_2026_09_11_20_29_08_610366831,L19,误报,4,29:08.6,29:10.1,1.526,停止报警,30,,,,3.722,3.329,,,,,,
rtg_655_gantry_collision_2026_09_11_20_39_04_920235116,L18,误报,3,39:04.9,39:05.4,0.493,停止报警,12,,,,0.918,,,,,,,
rtg_655_gantry_collision_2026_09_11_21_21_29_540370868,L21,误报,1,21:29.5,21:35.1,5.514,停止报警,20,,,,3.094,2.088,,,,,,
rtg_655_gantry_collision_2026_09_11_21_22_04_266359769,L21,误报,1,22:04.3,22:05.0,0.736,停止报警,9,,,,3.187,2.914,,,,,,
rtg_655_gantry_collision_2026_09_11_21_34_35_388466958,L20,误报,2,34:35.4,34:41.0,5.568,减速报警,20,,,,10.384,11.699,,,,,,
rtg_655_gantry_collision_2026_09_11_21_34_48_586079598,L20,误报,2,34:48.6,34:48.7,0.096,减速报警,2,,,,11.306,,,,,,,
rtg_655_gantry_collision_2026_09_11_21_52_26_463011023,L18,误报,3,52:26.5,52:27.4,0.949,停止报警,19,,,,3.927,2.639,,,,,,